Title,URL
Â¿Sufres de INSOMNIO o Duermes DEMASIADO? #shorts | Psych2Go,https://www.youtube.com/watch?v=d-Q4eHlZbWE
Lo que tu CALIGRAFÃA dice sobre Ti #1 ğŸ“ #shorts | Psych2Go,https://www.youtube.com/watch?v=2n2MOZ7N4AQ
Â¿Eres Emocionalmente Maduro? #shorts | Psych2Go,https://www.youtube.com/watch?v=Wnw3gQrPYZc
QUIZ: Â¿CuÃ¡l es tu estilo de amor? ğŸ’• | Psych2Go,https://www.youtube.com/watch?v=RXOik2OGPXw
Â¿CÃ³mo Saber si EstÃ¡s en la FRIENDZONE? #1 #shorts | Psych2Go,https://www.youtube.com/watch?v=oikOix7sRC8
ğŸš© Â¿Te hablas Negativamente? ğŸš© #shorts | Psych2Go,https://www.youtube.com/watch?v=lC1nrqRzrJI
âš ï¸ 8 SeÃ±ales de DepresiÃ³n en Adolescentes âš ï¸ | Psych2Go,https://www.youtube.com/watch?v=4QHpRLyKXwY
DepresiÃ³n Infantil #shorts | Psych2Go,https://www.youtube.com/watch?v=yyjSzhT8yMg
Â¡No te Disculpes en Exceso! #shorts | Psych2Go,https://www.youtube.com/watch?v=u7DoID0R8ps
Â¿Usas TEXTISMOS al Chatear? ğŸ˜¨ #shorts | Psych2Go,https://www.youtube.com/watch?v=k1GU4AaOjPE
El Lado Oscuro de las Personas Altamente Sensibles (PAS) | Psych2Go,https://www.youtube.com/watch?v=kFclM0Lsk80
Por quÃ© Mantener tus Secretos es Fundamental ğŸ¤ #shorts | Psych2Go,https://www.youtube.com/watch?v=j_xSFyqdkFs
CÃ³mo Pedirle una Cita a tu Crush #1 #shorts  | Psych2Go,https://www.youtube.com/watch?v=svw2GPqGDNw
5 Errores de Padres que Pueden TRAUMAR a un NiÃ±o | Psych2Go,https://www.youtube.com/watch?v=xfq3GAkezqg
No hables del DINERO ğŸ’µ que GANAS ğŸ¤ #shorts | Psych2Go,https://www.youtube.com/watch?v=kjkyR5veCnU
Ansiedad CrÃ³nica y DepresiÃ³n #shorts | Psych2Go,https://www.youtube.com/watch?v=H54wWNILanU
7 Enamoramientos Insanos | Psych2Go,https://www.youtube.com/watch?v=v7mkGfz5S8g
Problemas de Salud FÃ­sica #shorts | Psych2Go,https://www.youtube.com/watch?v=LUNpK1lwyeo
Conceptos ErrÃ³neos sobre la ASEXUALIDAD #3 #Shorts | Psych2Go,https://www.youtube.com/watch?v=ssNp4myBE3s
Trastorno LÃ­mite de la Personalidad (TLP o BORDERLINE) | Psych2Go,https://www.youtube.com/watch?v=h_R6A30NBME
Â¿QuÃ© es la ARACNOFOBIA? ğŸ•·ğŸ˜¨ #shorts | Psych2Go,https://www.youtube.com/watch?v=xxDuV9Mt8kk
El TRAUMA interrumpe tu Rutina de Vida #shorts | Psych2Go,https://www.youtube.com/watch?v=FFJS2wARUsE
Â¿QuÃ© es la ACROFOBIA? #shorts | Psych2Go,https://www.youtube.com/watch?v=oXTrWiC3CMY
5 SeÃ±ales de que Eres Atractivo (Aunque No lo Creas) | Psych2Go,https://www.youtube.com/watch?v=LZG2vqWZvmA
Trucos PsicolÃ³gicos pt. 6 - Pedir un Favor Cuando Alguien EstÃ¡ Muy Cansado ğŸ˜´ | Psych2Go,https://www.youtube.com/watch?v=LfrKSvES5ZU
Â¿Tienes MENTALIDAD de VÃCTIMA? ğŸ¤” | Psych2Go,https://www.youtube.com/watch?v=ElLTxsPjw8c
El Lado Oscuro de las Personas Altamente Inteligentes | Psych2Go,https://www.youtube.com/watch?v=tMiFYDcxwsg
Â¿QuÃ© es la PsicopatiÌa? #shorts | Psych2Go,https://www.youtube.com/watch?v=tuHE_PjkiN8
Enamoramientos Insanos ğŸ’” (Pt. 2) #shorts | Psych2Go,https://www.youtube.com/watch?v=jlX01gIdoU4
Trastorno de Identidad Disociativo TID #Shorts | Psych2Go,https://www.youtube.com/watch?v=RwOWigVV57w
7 Cosas Que DeberÃ­as Mantener en Privado | Psych2Go,https://www.youtube.com/watch?v=_CsmqHGBTK8
Lenguaje Corporal de ATRACCIÃ“N #shorts | Psych2Go,https://www.youtube.com/watch?v=xCYP4-ryCno
Conceptos ErrÃ³neos sobre la ASEXUALIDAD #2 #Shorts | Psych2Go,https://www.youtube.com/watch?v=eErY4TxDoa4
8 Banderas Rojas de una RelaciÃ³n Controladora | Psych2Go,https://www.youtube.com/watch?v=VUFyqFHgX90
Â¡DEJA DE DECIR ESTAS COSAS! | Psych2Go,https://www.youtube.com/watch?v=Tc_j9TkppLE
Â¿QuÃ© es el SÃ­ndrome de Lima? ğŸ¤” #shorts | Psych2Go,https://www.youtube.com/watch?v=dOw7PdBf0uA
Â¿No confÃ­as en los demÃ¡s? #shorts | Psych2Go,https://www.youtube.com/watch?v=Xw_8vPDMCOs
Â¡CAMBIA TU VIDA en SEIS MESES! ğŸ¯ | Psych2Go,https://www.youtube.com/watch?v=4m9VRpHGhCM
Â¿El NEGRO es Tu color Favorito? âš«ï¸ | Psych2Go,https://www.youtube.com/watch?v=CXKksG3k2VA
Â¿Tienes Ansiedad y DepresiÃ³n? #shorts | Psych2Go,https://www.youtube.com/watch?v=0xVC_0OgzN0
QUIZ: Â¿Tienes un Alma Vieja? | Psych2Go,https://www.youtube.com/watch?v=vSrnjluyrQQ
Â¿QuÃ© es la DespersonalizaciÃ³n? ğŸ¤” #shorts | Psych2Go,https://www.youtube.com/watch?v=j3Gt8mZFrbY
No te Calles lo que Piensas ğŸ™Š #shorts | Psych2Go,https://www.youtube.com/watch?v=zfXddVy5Ivg
Conceptos ErrÃ³neos sobre la ASEXUALIDAD #1 #Shorts | Psych2Go,https://www.youtube.com/watch?v=OBbO9qqv7_8
6 Tipos de EMPATIÌA | Psych2Go,https://www.youtube.com/watch?v=cH5gLOSnGSY
ğŸ¥° AMOR vs ENAMORAMIENTO ğŸ˜ (Pt. 5) #shorts | Psych2Go,https://www.youtube.com/watch?v=B6fluP5reaA
Â¿Tienes Padres Controladores? ğŸ˜¨  #shorts  | Psych2Go,https://www.youtube.com/watch?v=P36hRIHHBFQ
6 SeÃ±ales de SÃ­ndrome del Impostor | Psych2Go,https://www.youtube.com/watch?v=CdFH4LUUFhU
Trastorno por EvitaciÃ³n/RestricciÃ³n de la Ingesta de Alimentos | Psych2Go,https://www.youtube.com/watch?v=7WjXfcDWV0s
Â¿Tus Mensajes son Demasiado Largos? ğŸ“² #shorts | Psych2Go,https://www.youtube.com/watch?v=W1rmrrcWbkg
CoÌmo tu Infancia te Afecta como Padre | Psych2Go,https://www.youtube.com/watch?v=CECgDU2RW2w
12 SeÃ±ales de que TU RELACIÃ“N NO DURARÃ ğŸš© | Psych2Go,https://www.youtube.com/watch?v=sQDl3849M_s
Â¡NO DORMIR te hace MENOS ATRACTIVO! ğŸ˜± #shorts | Psych2Go,https://www.youtube.com/watch?v=CoRvHMxGS9Q
Â¿Buscas encajar? #shorts | Psych2Go,https://www.youtube.com/watch?v=SaCEb_KbTeQ
Â¿QuÃ© dice tu POSICIÃ“N DE DORMIR sobre TI? ğŸ˜´ | Psych2Go,https://www.youtube.com/watch?v=jQNImoAX-l4
Â¿QuÃ© Pasa Cuando nos ABRAZAN? #Shorts | Psych2Go,https://www.youtube.com/watch?v=rWoDK61RaK4
Â¿Entiendes los LÃMITES SEXUALES? ğŸ˜³ #shorts | Psych2Go,https://www.youtube.com/watch?v=dZoLn02rHLo
Tipos de Anhedonia #shorts | Psych2Go,https://www.youtube.com/watch?v=9hvg5nhimkY
QUIZ: Â¿CuÃ¡l es Tu LADO OSCURO? | Psych2Go ESPAÃ‘OL,https://www.youtube.com/watch?v=SSB3pcsxzRc
2 SeÃ±ales de que eres AMBIVERTIDO | Psych2Go,https://www.youtube.com/watch?v=ZGn3I4G4V0o
SeÃ±ales de que YA NO HAY AMOR ğŸ’” #shorts | Psych2Go,https://www.youtube.com/watch?v=Ly7HioKbASo
De la Ruptura al Renacer ğŸŒ± | Psych2Go,https://www.youtube.com/watch?v=GAG6zCC-ovA
Â¿Usas Emojis al Textear? ğŸ¤” #shorts | Psych2Go,https://www.youtube.com/watch?v=te3Wj3Nv3lU
Trucos PsicolÃ³gicos pt. 4 - Imagina DÃ³nde Quieres Llegar #shorts | Psych2Go ESPAÃ‘OL,https://www.youtube.com/watch?v=URjZXpmenic
Â¿Te IRRITAS con facilidad? (DepresiÃ³n en adolescentes) #shorts | Psych2Go,https://www.youtube.com/watch?v=mnFAVOdbNfk
6 Frases DAÃ‘INAS que te Dices a Ti Mismo | Psych2Go,https://www.youtube.com/watch?v=2rgqR_mUpWc
Â¿QuÃ© es la Esquizofrenia? ğŸ¤” #shorts | Psych2Go,https://www.youtube.com/watch?v=nXFYUpUUscg
10 Cosas que Solo entenderÃ¡ Alguien con DepresiÃ³n | Psych2Go,https://www.youtube.com/watch?v=3gQzlDcBLWA
Â¿Menosprecias a los demÃ¡s? ğŸ˜¥ #shorts | Psych2Go,https://www.youtube.com/watch?v=KR6U9P900h8
Â¿Tienes Alguna Fobia? #Shorts | Psych2Go,https://www.youtube.com/watch?v=rk_h2ZMX1f4
Trucos PsicolÃ³gicos pt. 3 - TeorÃ­a Pavloviana #shorts | Psych2Go,https://www.youtube.com/watch?v=tc6z1qsP5ow
"No es Pereza, es BURNOUT | Psych2Go",https://www.youtube.com/watch?v=qDsFoLy5-fk
Â¿QueÌ es Realmente la BIPOLARIDAD? #Shorts | Psych2Go,https://www.youtube.com/watch?v=cOCujRrMFBU
Â¿Tienes VIGOREXIA? ğŸ˜± #SHORTS | Psych2Go,https://www.youtube.com/watch?v=j3NElT87_D0
El Lado Oscuro del Ã‰xito | Psych2Go,https://www.youtube.com/watch?v=JsLKAtm8H0I
ğŸ¥° AMOR vs ENAMORAMIENTO ğŸ˜ (Pt. 4) #shorts | Psych2Go,https://www.youtube.com/watch?v=EKy3G-VzvIM
Trastorno Paranoide de la Personalidad (Pt 1) #shorts | Psych2Go,https://www.youtube.com/watch?v=F4QGlPm_Pvo
Â¿Eres Atractivo Para los DemÃ¡s? ğŸ¤” #shorts | Psych2Go,https://www.youtube.com/watch?v=973OayOCrM0
8 SeÃ±ales de que eres MUY INTUITIVO | Psych2Go,https://www.youtube.com/watch?v=J9GbmyFyP9E
ğŸ¥° AMOR vs ENAMORAMIENTO ğŸ˜ (Pt. 3) #shorts | Psych2Go,https://www.youtube.com/watch?v=OdhPR1Pc6_E
Trastorno Obsesivo Compulsivo (TOC) #Shorts | Psych2Go,https://www.youtube.com/watch?v=UDr74wuil60
Â¿CÃ³mo INVITAR A SALIR a Alguien? | Psych2Go,https://www.youtube.com/watch?v=y72gVkBpnt0
Estilos de dormir:  PosiciÃ³n FETAL ğŸ˜´ #shorts | Psych2Go,https://www.youtube.com/watch?v=HkBIUuGLmCY
ğŸ¥° AMOR vs ENAMORAMIENTO ğŸ˜ (Pt. 2) #shorts | Psych2Go,https://www.youtube.com/watch?v=Bw3X_GsrjwU
Â¿CoÌmo Te Hablas a Ti Mismo? #shorts | Psych2Go,https://www.youtube.com/watch?v=EIAkXOs0ovY
CÃ³mo tu Infancia te Afecta como Padre | Psych2Go,https://www.youtube.com/watch?v=Wpiv6gfM7ks
Esto ARRUINA tu RelaciÃ³n ğŸ’” (pt. 4) #shorts | Psych2Go,https://www.youtube.com/watch?v=zm-Qv9pzREg
Â¿Tus Mensajes son Demasiado Cortos? ğŸ“² #shorts | Psych2Go,https://www.youtube.com/watch?v=HLodlN6orN0
10 SeÃ±ales de que Alguien SE ESTÃ HACIENDO LA VÃCTIMA | Psych2Go,https://www.youtube.com/watch?v=cEW8yRXTaPc
Â¿CoÌmo Te Hablas a Ti Mismo? #shorts | Psych2Go,https://www.youtube.com/watch?v=oNtxAY7WJa8
Esto ARRUINA tu RelaciÃ³n ğŸ’” (pt. 3) #shorts | Psych2Go,https://www.youtube.com/watch?v=8KNiRdOUx_M
Tu Tipo de Zapatos Dice MUCHO sobre TI ğŸ˜± #shorts | Psych2Go,https://www.youtube.com/watch?v=dFZ65GpzteY
Â¿CÃ³mo Saber si estoy en la FRIENDZONE? | Psych2Go,https://www.youtube.com/watch?v=jOwrgAe0omU
âš ï¸ Â¡NO CAIGAS EN SU TRAMPA! âš ï¸ #Shorts | Psych2Go,https://www.youtube.com/watch?v=XbWDkd-TYpY
Esto ARRUINA tu RelaciÃ³n ğŸ’” (pt. 2) #shorts | Psych2Go,https://www.youtube.com/watch?v=Lw2myKyaoC8
8 COSAS que TE PASAN por Ser DEMASIADO AMABLE | Psych2Go,https://www.youtube.com/watch?v=l4P_rT3uwT0
You Want PSI? ğŸŒ± #shorts Halloween ğŸƒ | Psych2Go,https://www.youtube.com/watch?v=J36HXjA4iIM
Sexo vs GÃ©nero vs OrientaciÃ³n ğŸ³ï¸â€ğŸŒˆ #shorts | Psych2Go,https://www.youtube.com/watch?v=mQWNCatX348
Esto ARRUINA tu RelaciÃ³n ğŸ’” (Pt.1) #shorts | Psych2Go,https://www.youtube.com/watch?v=-nRx_2p1bLY
PSICOLOGÃA del TERROR | Psych2Go,https://www.youtube.com/watch?v=0KbgTghWNw8
Â¿STALKEAS a tu Crush? ğŸ˜¨ #shorts | Psych2Go,https://www.youtube.com/watch?v=2Of12TpnN4A
âš ï¸ Â¡No Cuentes Tus Miedos! âš ï¸ #shorts | Psych2Go,https://www.youtube.com/watch?v=O3NQ0IjSGv8
6 SeÃ±ales de que Tu PERSONALIDAD es ATRACTIVA | Psych2Go,https://www.youtube.com/watch?v=wVJsNfTpM4U
ğŸ¥° AMOR vs ENAMORAMIENTO ğŸ˜ (Pt. 1) #shorts | Psych2Go,https://www.youtube.com/watch?v=OPvOGaQw1tI
Â¿Usas Punto Final al Textear? ğŸ¤” #shorts | Psych2Go,https://www.youtube.com/watch?v=gcm8EzHX2X0
Tu Infancia te Afecta como Padre ğŸ˜° #shorts | Psych2Go,https://www.youtube.com/watch?v=5Hj1uzhc7q0
Â¿Eres Verdaderamente MADURO? ğŸ¤” (7 seÃ±ales) | Psych2Go,https://www.youtube.com/watch?v=5Fb_GYXY1MI
Â¿Hacia dÃ³nde miras cuando bebes de una taza? â˜•ï¸ğŸ¤” #shorts | Psych2Go,https://www.youtube.com/watch?v=olJrhF0iPyA
Â¿Por quÃ© Te Miran los DemÃ¡s? ğŸ¤” #shorts | Psych2Go,https://www.youtube.com/watch?v=lbxNwBH9PuI
6 SeÃ±ales de GENTE FALSA âš ï¸ | Psych2Go,https://www.youtube.com/watch?v=5iAa76_QN90
Le Gustas Pero le Teme al Rechazo #shorts | Psych2Go,https://www.youtube.com/watch?v=N-kTK0IOp8E
Â¿QuÃ© es la SociopatÃ­a? ğŸ¤” #shorts | Psych2Go,https://www.youtube.com/watch?v=q_i3IDinh0A
Â¿QuÃ© es la CINOFOBIA? ğŸ¶ğŸ˜¨ #shorts | Psych2Go,https://www.youtube.com/watch?v=-rlp3F-uFZQ
HÃBITOS que DESTRUYEN tu CONFIANZA | Psych2Go,https://www.youtube.com/watch?v=AilFGNiLAsU
Â¿Te disculpas Demasiado? ğŸ¤” #shorts | Psych2Go,https://www.youtube.com/watch?v=hltXs8bV1CI
Â¿QuÃ© es el Aislamiento Social? ğŸ¤” #shorts | Psych2Go,https://www.youtube.com/watch?v=uAdMhNXtV8A
Lo que tu HABITACIÃ“N dice sobre Ti | Psych2Go,https://www.youtube.com/watch?v=lT3ia4mqWqo
Â¿QuÃ© es el TLP? ğŸ¤” #shorts | Psych2Go,https://www.youtube.com/watch?v=Hxk-QUEeY4k
Beso en la Mejilla #SHORTS | Psych2Go,https://www.youtube.com/watch?v=Xj0dGUEtU28
SeÃ±ales de Inteligencia #Shorts | Psych2Go,https://www.youtube.com/watch?v=EEyUrAc0aLY
8 SeÃ±ales de que Te estÃ¡s Derrumbando Mentalmente | Psych2Go,https://www.youtube.com/watch?v=YRj_-mGnt50
Â¿QuÃ© es la EnsoÃ±aciÃ³n Excesiva? ğŸ˜´ #shorts | Psych2Go,https://www.youtube.com/watch?v=BlJbxjJv4BU
Â¿Eres EmpÃ¡tico Oscuro? ğŸ¤” (Pt. 1) #shorts | Psych2Go,https://www.youtube.com/watch?v=_OvAIocoEjI
Las 3 FANTASÃAS SEXUALES mÃ¡s Comunes | Psych2Go,https://www.youtube.com/watch?v=1QfpjWZJc8k
Â¿Pierdes el Tiempo? #shorts | Psych2Go,https://www.youtube.com/watch?v=t2jYoJpRz0o
Por quÃ© los Inteligentes Quieren estar Solos ğŸ§ #shorts | Psych2Go,https://www.youtube.com/watch?v=x5cFJoh-oSA
Â¿Te decÃ­an ESTO tus padres? ğŸ¤” #shorts | Psych2Go,https://www.youtube.com/watch?v=V42bNsYP_sg
Tips para Ser MÃ¡s PRODUCTIVO | Psych2Go,https://www.youtube.com/watch?v=jfpj2fTvc6s
Enamoramientos Insanos ğŸ’” (Pt. 4) #shorts | Psych2Go,https://www.youtube.com/watch?v=L-68b39RG1s
Â¿QuÃ© es un Narcisista? ğŸ¤” #shorts | Psych2Go,https://www.youtube.com/watch?v=1sY1Ud8zJUY
8 Cosas HIRIENTES que los PADRES dicen a sus HIJOS | Psych2Go,https://www.youtube.com/watch?v=y2E9o5ygR6I
Tu CONTACTO VISUAL Dice Mucho Sobre Ti ğŸ‘€ #shorts | Psych2Go,https://www.youtube.com/watch?v=PcDpxxTiS58
Â¡NO HAGAS ESTO! ğŸ˜± (Lenguaje Corporal Contractual) #shorts | Psych2Go,https://www.youtube.com/watch?v=hZ6Rr0UWAwo
Las Redes Sociales Afectan a Tu Salud Mental #Shorts | Psych2Go,https://www.youtube.com/watch?v=hW8Ptl7rhbw
TRUCOS PSICOLÃ“GICOS para GUSTARLE a tu CRUSH ğŸ¥° | Psych2Go,https://www.youtube.com/watch?v=jPqdolJ5ZWQ
Controla tus SUEÃ‘OS #Shorts | Psych2Go,https://www.youtube.com/watch?v=F9M55_Lpqx8
Aprende a Decir NO #shorts | Psych2Go,https://www.youtube.com/watch?v=b22wRTUE96w
Esto ARRUINA tu RELACIÃ“N ğŸ’” | Psych2Go,https://www.youtube.com/watch?v=w6tg89NLj_Q
Trucos PsicolÃ³gicos pt. 2 - Dale algo a alguien ğŸ¤£ #shorts | Psych2Go,https://www.youtube.com/watch?v=Z6cgR_MMBeY
HÃ¡bitos que mejoran tu Salud Mental #Shorts | Psych2Go,https://www.youtube.com/watch?v=HJZnu_ttkao
Â¿QuÃ© es la RumiaciÃ³n? ğŸ¤” #shorts | Psych2Go,https://www.youtube.com/watch?v=jViclGR-NDY
Las 7 Etapas del CorazÃ³n Roto ğŸ’” (SuperaciÃ³n) | Psych2Go,https://www.youtube.com/watch?v=kGmwwXXhmF4
Â¿QuiÃ©n es PSI ğŸŒ± de Psych2Go? #Shorts | Psych2Go,https://www.youtube.com/watch?v=VNMIY-0de38
Trucos PsicolÃ³gicos pt. 1 - Llama a la gente por su nombre #shorts | Psych2Go,https://www.youtube.com/watch?v=VxE8ElrcJbE
No eres INTROVERTIDO sino un EXTROVERTIDO HERIDO | Psych2Go,https://www.youtube.com/watch?v=VjuwPmu1Upo
Nunca SeraÌs maÌs Joven de lo que Eres Ahora #Shorts | Psych2Go,https://www.youtube.com/watch?v=cyITxyVsY7c
Â¿QuÃ© es el EFECTO CAMALEÃ“N? ğŸ¤” #shorts | Psych2Go,https://www.youtube.com/watch?v=JvTXSGyBKHc
Â¿Te GustarÃ­a Ser MÃ¡s ATRACTIVO? #Shorts | Psych2Go,https://www.youtube.com/watch?v=7WBrAJKjhl8
8 COSAS que Te Hacen ATRACTIVO | Psych2Go,https://www.youtube.com/watch?v=700LABVahbU
Â¿CuÃ¡l es tu Estilo de AMOR? #Shorts | Psych2Go,https://www.youtube.com/watch?v=SvvOxc8N8Bc
Frases que NUNCA usan los INTELIGENTES (Parte 2/2) #Shorts | Psych2Go,https://www.youtube.com/watch?v=wL_Jrcfyia0
8 SeÃ±ales de FOBIA SOCIAL (Ansiedad Social) | Psych2Go ESPAÃ‘OL,https://www.youtube.com/watch?v=Nx44Sss0uC0
ğŸ˜± Â¿MANIPULAS Sin Querer? ğŸ˜± #Shorts | Psych2Go,https://www.youtube.com/watch?v=nbjehAihFUM
CÃ³mo Detectar a tu AMIGO FALSO #Shorts | Psych2Go,https://www.youtube.com/watch?v=03NH7jCYVGk
Â¿CÃ³mo Eres segÃºn tu GUSTO MUSICAL? ğŸ¶ğŸµ #Shorts | Psych2Go,https://www.youtube.com/watch?v=kRL2p_yIiYc
6 BANDERAS ROJAS ğŸš© que NO Debes Ignorar en TI MISMO | Psych2Go ESPAÃ‘OL,https://www.youtube.com/watch?v=SrhVMtKXLn0
Â¿Entiendes los LÃMITES SEXUALES? ğŸ˜³ #shorts | Psych2Go,https://www.youtube.com/watch?v=yQbNxC9zlOk
Â¿El NEGRO es Tu color Favorito? âš«ï¸ | Psych2Go,https://www.youtube.com/watch?v=1Zn-pBiwHE8
Las 7 FOBIAS MÃ¡s RARAS del Mundo | Psych2Go ESPAÃ‘OL,https://www.youtube.com/watch?v=z_9zPGitMJ0
Enamoramientos âŒ No Saludables #Shorts | Psych2Go,https://www.youtube.com/watch?v=EckdozW1pjs
Â¿Tienes Pareja y te gusta otra persona? ğŸ˜± #shorts | Psych2Go,https://www.youtube.com/watch?v=sLtIDB2NmXc
SÃ­ndrome del Impostor  #Shorts | Psych2Go,https://www.youtube.com/watch?v=JvWXWpPbcn0
Lo que tu CALIGRAFÃA dice sobre Ti | Psych2Go ESPAÃ‘OL,https://www.youtube.com/watch?v=QqMgZK0Z7F8
Te PrestarÃ¡ Mucha AtenciÃ³n #Shorts | Psych2Go,https://www.youtube.com/watch?v=WJOHco4Mf9M
Â¿Tus Mensajes son Demasiado Cortos? ğŸ“² #shorts | Psych2Go,https://www.youtube.com/watch?v=NP6-Jc1HuvM
5 Datos Interesantes Sobre el TDAH | Psych2Go ESPAÃ‘OL,https://www.youtube.com/watch?v=r9EGtjI4EuY
Â¿Tus Mensajes son Demasiado Largos? ğŸ“² #shorts | Psych2Go,https://www.youtube.com/watch?v=cyAq-BL-Hxs
Frases que NUNCA usan los INTELIGENTES (Parte 2/2) #Shorts | Psych2Go,https://www.youtube.com/watch?v=d5K-zf5Ynic
Â¿Usas TEXTISMOS al Chatear? ğŸ˜¨ #shorts | Psych2Go,https://www.youtube.com/watch?v=NryZJNOa5bU
Â¿QuÃ© es ESQUIZOFRENIA? | Psych2Go ESPAÃ‘OL,https://www.youtube.com/watch?v=nr3ux8lW5Yw
Frases que NUNCA usan los INTELIGENTES (Parte 1/2) #Shorts | Psych2Go ESPAÃ‘OL,https://www.youtube.com/watch?v=ET44CPS9Umk
Â¿Usas Punto Final al Textear? ğŸ¤” #shorts | Psych2Go,https://www.youtube.com/watch?v=KCfhOpuXl9c
6 SeÃ±ales de que Alguien Realmente TE AMA aunque no lo Diga | Psych2Go ESPAÃ‘OL,https://www.youtube.com/watch?v=XLVad5HuJiU
4 Tipos de Introvertidos #Shorts | Psych2Go,https://www.youtube.com/watch?v=sLopg_iYZbA
Â¿Usas Emojis al Textear? ğŸ¤” #shorts | Psych2Go,https://www.youtube.com/watch?v=Rk8zz9Y9_dU
Â¿CÃ³mo Romper El HIELO? (Para INTROVERTIDOS) #Shorts | Psych2Go,https://www.youtube.com/watch?v=BT7bdG4xvoc
10 Cosas que la DepresiÃ³n nos hace Hacer | Psych2Go ESPAÃ‘OL,https://www.youtube.com/watch?v=fddlv-izOwI
Â¿Hacia dÃ³nde miras cuando bebes de una taza? â˜•ï¸ğŸ¤” #shorts | Psych2Go,https://www.youtube.com/watch?v=rjVyvT3upQA
Â¿Menosprecias a los demÃ¡s? ğŸ˜¥ #shorts | Psych2Go,https://www.youtube.com/watch?v=hknCIzJbOsY
CÃ³mo PERDONAR los ERRORES del PASADO | Psych2Go ESPAÃ‘OL,https://www.youtube.com/watch?v=nduB2iraz6w
Â¿Compras algo para ti pero no piensas en nadie mÃ¡s? ğŸ˜± #shorts | Psych2Go ESPAÃ‘OL,https://www.youtube.com/watch?v=xnrqOIxLs44
Los Saltadores Franceses de Maine ğŸ¤” #shorts | Psych2Go ESPAÃ‘OL,https://www.youtube.com/watch?v=59cQrH1DI7w
Â¿Llegar Tarde es Algo Bueno? â°ğŸ¤” #shorts | Psych2Go ESPAÃ‘OL,https://www.youtube.com/watch?v=0SQCAx6x5UM
6 SenÌƒales de que Nunca Estuviste Realmente Enamorado | Psych2Go ESPAÃ‘OL,https://www.youtube.com/watch?v=840dCz3QoQE
*Â¿Triscaidecafobia? ğŸ˜¨ #shorts | Psych2Go ESPAÃ‘OL*,https://www.youtube.com/watch?v=5s7w6CspHw8
Â¿CÃ³mo es Tu APRETÃ“N DE MANOS? ğŸ¤” #shorts | Psych2Go ESPAÃ‘OL,https://www.youtube.com/watch?v=MEnrX8yfgcI
8 Cosas que Haces Diferente por Ser ALTAMENTE INTELIGENTE | Psych2Go ESPAÃ‘OL,https://www.youtube.com/watch?v=wxlKm_LlLsU
Â¿QuÃ© es el SÃ­ndrome de Lima? ğŸ¤” #shorts | Psych2Go,https://www.youtube.com/watch?v=NIbtak7Nb6o
Tu CONTACTO VISUAL Dice Mucho Sobre Ti ğŸ‘€ #shorts | Psych2Go ESPAÃ‘OL,https://www.youtube.com/watch?v=BcvjSAablT4
Â¿Existe el SÃ­ndrome de Alicia en el PaÃ­s de las Maravillas? ğŸ˜± #shorts | Psych2Go ESPAÃ‘OL,https://www.youtube.com/watch?v=bHykPxZMHtM
7 HaÌbitos que Revelan MUCHO sobre TU PERSONALIDAD | Psych2Go ESPAÃ‘OL,https://www.youtube.com/watch?v=PdTRDw2ULpk
Tu Tipo de Zapatos Dice MUCHO sobre TI ğŸ˜± #shorts | Psych2Go,https://www.youtube.com/watch?v=PlIbQ_Y_wRs
Â¿ConocÃ­as la Paramnesia Reduplicativa? ğŸ§ #shorts | Psych2Go ESPAÃ‘OL,https://www.youtube.com/watch?v=Byi57y7OmzM
8 Cosas que Haces Inconscientemente Cuando EstÃ¡s DEPRIMIDO | Psych2Go ESPAÃ‘OL,https://www.youtube.com/watch?v=eFaq7rQt0OM
Â¿CÃ³mo tratas al Personal de Servicio? ğŸ¤¨ | Psych2Go ESPAÃ‘OL,https://www.youtube.com/watch?v=-MjgtO4mW5c
Trastorno de Identidad Disociativo #shorts | Psych2Go ESPAÃ‘OL,https://www.youtube.com/watch?v=KlZq00f4v4M
Â¿Revisas DEMASIADO Tu TelÃ©fono? ğŸ“²ğŸ¤” #shorts | Psych2Go ESPAÃ‘OL,https://www.youtube.com/watch?v=7VYRJRjv0tQ
10 SeÃ±ales de que LE GUSTAS a Tu CRUSH ğŸ’˜ | Psych2Go,https://www.youtube.com/watch?v=-tRNfzFKKIY
*La Fata de Humildad te hace Menos Atractivo ğŸ˜¥ #shorts | Psych2Go ESPAÃ‘OL*,https://www.youtube.com/watch?v=W9rqIlZ5z0M
Â¿SÃ­ndrome de Stendhal? ğŸ¤” #shorts | Psych2Go ESPAÃ‘OL,https://www.youtube.com/watch?v=FJWpwLkaJ_A
"â˜ ï¸ 12 Frases ""Inofensivas"" que tienen un Efecto TÃ“XICO ğŸ˜· | Psych2Go ESPAÃ‘OL BUENO",https://www.youtube.com/watch?v=fA3JSGKPBUM
Â¿QuÃ© es el SÃ­ndrome de FrÃ©goli? ğŸ¤” #shorts | Psych2Go ESPAÃ‘OL,https://www.youtube.com/watch?v=57Pt6y89X_k
Â¿Te Enfocas DEMASIADO en tu apariencia? ğŸ¤” #shorts | Psych2Go ESPAÃ‘OL,https://www.youtube.com/watch?v=0cD3D1oMgB4
Â¿ConocÃ­as el SÃ­ndrome de Cotard? ğŸ§ #shorts | Psych2Go ESPAÃ‘OL,https://www.youtube.com/watch?v=6m8aDJlHF5k
Lo que TU COLOR FAVORITO Dice Sobre Ti ğŸŒˆğŸ¨ğŸ–Œï¸ | Psych2Go ESPAÃ‘OL,https://www.youtube.com/watch?v=Wq1DSUDtFCw
Â¿TU OLOR CORPORAL te hace MENOS ATRACTIVO? ğŸ˜± #shorts | Psych2Go ESPAÃ‘OL,https://www.youtube.com/watch?v=ZrxWtqkqJ3k
Â¿Trastorno de Cerebro Dividido? ğŸ¤” #shorts | Psych2Go ESPAÃ‘OL,https://www.youtube.com/watch?v=WfAQyKmuidA
10 SeÃ±ales de que Alguien TE ODIA En Secreto | Psych2Go ESPAÃ‘OL,https://www.youtube.com/watch?v=EFgT2ywSyhs
Respuesta de Lucha o Huida (TAG) #shorts | Psych2Go ESPAÃ‘OL,https://www.youtube.com/watch?v=0sjChKXNfFU
Â¡NO DORMIR te hace MENOS ATRACTIVO! ğŸ˜± #shorts | Psych2Go,https://www.youtube.com/watch?v=A2xBs76DgXE
Â¿Te Sientes ANSIOSO Sin Motivo? #shorts | Psych2Go ESPAÃ‘OL,https://www.youtube.com/watch?v=CLTZBtRkifk
El Ãšnico Consejo de CITAS que Necesitas ğŸ¥° | Psych2Go ESPAÃ‘OL,https://www.youtube.com/watch?v=-AT4PRJhm7A
Â¿Por quÃ© Te Miran los DemÃ¡s? ğŸ¤” #shorts | Psych2Go,https://www.youtube.com/watch?v=UkJP7mzWqms
Â¿Sueles Asumir lo PEOR? ğŸ˜¥ #shorts | Psych2Go ESPAÃ‘OL,https://www.youtube.com/watch?v=iJaqklcp55o
SÃ­ntomas de BURNOUT (Y QuÃ© Hacer) | Psych2Go,https://www.youtube.com/watch?v=IUfIJTgorLk
Â¿Eres Atractivo Para los DemÃ¡s? ğŸ¤” #shorts | Psych2Go,https://www.youtube.com/watch?v=Ojzyp-wyXDk
Â¿Saboteas tus Relaciones? #shorts | Psych2Go ESPAÃ‘OL,https://www.youtube.com/watch?v=2A0O9AQZr7w
Â¿Por quÃ© Nos Vemos Mejor en las Fotos Viejas? #shorts | Psych2Go ESPAÃ‘OL,https://www.youtube.com/watch?v=T74yWybt4ZQ
10 SEXUALIDADES Diferentes Explicadas ğŸ³ï¸â€ğŸŒˆ | Psych2Go ESPAÃ‘OL,https://www.youtube.com/watch?v=OcoKzs-g4fU
El TRAUMA interrumpe tu Rutina de Vida #shorts | Psych2Go,https://www.youtube.com/watch?v=eLezldJyWO0
Tratamiento de DespersonalizaciÃ³n y DesrealizaciÃ³n #shorts | Psych2Go ESPAÃ‘OL,https://www.youtube.com/watch?v=wgkzNda-c4I
QUIZ: Â¿CuÃ¡n TÃ“XICO Eres? â˜ ï¸ | Psych2Go ESPAÃ‘OL,https://www.youtube.com/watch?v=OFsQGgwiRqQ
Â¿Reprimes tus Sentimientos? #shorts | Psych2Go ESPAÃ‘OL,https://www.youtube.com/watch?v=-_0q65o2-KQ
Â¿QuÃ© es la DesrealizaciÃ³n? ğŸ¤” #shorts | Psych2Go ESPAÃ‘OL,https://www.youtube.com/watch?v=Nn6pd-m6_8U
Â¿Te Culpas a Ti Mismo? #shorts | Psych2Go ESPAÃ‘OL,https://www.youtube.com/watch?v=S7TqF6g6bVo
Motivos de Suicidio | Psych2Go ESPAÃ‘OL,https://www.youtube.com/watch?v=XF3PBYWTeRc
Â¿QuÃ© es la DespersonalizaciÃ³n? ğŸ¤” #shorts | Psych2Go,https://www.youtube.com/watch?v=fo6AvuAMeXQ
SeÃ±ales de TLP -  DisociaciÃ³n  #shorts | Psych2Go ESPAÃ‘OL,https://www.youtube.com/watch?v=ikNIqbp_bhE
8 Trucos Secretos de las Relaciones Sanas | Psych2Go ESPAÃ‘OL,https://www.youtube.com/watch?v=jFDmeZqOK7w
Saborea la Felicidad #shorts | Psych2Go ESPAÃ‘OL,https://www.youtube.com/watch?v=inpIjjE6Xdw
SeÃ±ales de TLP -  Decisiones Impulsivas  #shorts | Psych2Go ESPAÃ‘OL,https://www.youtube.com/watch?v=53McPNjnJgQ
Practica el cuidado personal #shorts | Psych2Go ESPAÃ‘OL,https://www.youtube.com/watch?v=vnkwe-MMyu8
El Lado Oscuro de las Personas Exitosas | Psych2Go,https://www.youtube.com/watch?v=bX2qrHlWGx4
SeÃ±ales de TLP - Dificultad para controlar las Emociones #shorts | Psych2Go ESPAÃ‘OL,https://www.youtube.com/watch?v=C3MBo1weoRg
Trucos PsicolÃ³gicos pt. 8 - Asentir con la Cabeza #shorts | Psych2Go ESPAÃ‘OL,https://www.youtube.com/watch?v=RGhUqAe6sk4
Â¿Eres Altamente INTUITIVO? | Psych2Go,https://www.youtube.com/watch?v=sHzskpteo8Y
Inteligencia Emocional - Aprende Nuevos Conceptos #shorts | Psych2Go ESPAÃ‘OL,https://www.youtube.com/watch?v=zo5zo0dzEkg
SeÃ±ales de TLP - Relaciones Inestables #shorts | Psych2Go ESPAÃ‘OL,https://www.youtube.com/watch?v=aaQCjjkVPMM
Trucos PsicolÃ³gicos pt. 6 - Pedir un Favor Cuando Alguien EstÃ¡ Muy Cansado ğŸ˜´ | Psych2Go,https://www.youtube.com/watch?v=8KQlANkM_Y8
5 SeÃ±ales de que Reprimes Tus NECESIDADES SEXUALES | Psych2Go,https://www.youtube.com/watch?v=Fj5rU0sL2S4
Domina tus emociones #shorts | Psych2Go ESPAÃ‘OL,https://www.youtube.com/watch?v=jOUFYx8uz7c
SeÃ±ales de TLP - Miedo al rechazo ğŸ˜¥ #shorts | Psych2Go ESPAÃ‘OL,https://www.youtube.com/watch?v=PdJl1EyXT4g
6 HÃ¡bitos Diarios Para SER una MEJOR PERSONA | Psych2Go,https://www.youtube.com/watch?v=J1riJM50lM0
Personas a Evitar: EL ENVIDIOSO âš ï¸ #shorts | Psych2Go ESPAÃ‘OL,https://www.youtube.com/watch?v=9373FdgfVxQ
Trucos PsicolÃ³gicos pt. 5 - CÃ³mo Pedir un gran favor ğŸ¥º #shorts | Psych2Go ESPAÃ‘OL,https://www.youtube.com/watch?v=aO1ecWEh9J0
Deconstruye tus emociones #shorts | Psych2Go ESPAÃ‘OL,https://www.youtube.com/watch?v=NNio6dFMVck
5 SeÃ±ales de TEPT de Alto Funcionamiento | Psych2Go ESPAÃ‘OL,https://www.youtube.com/watch?v=OrWxeSBs7us
Â¿Enojo Interiorizado? ğŸ¤” #shorts | Psych2Go ESPAÃ‘OL,https://www.youtube.com/watch?v=PQM7xZhuhJM
DespersonalizaciÃ³n en el Burnout #shorts | Psych2Go ESPAÃ‘OL,https://www.youtube.com/watch?v=JV28SQMsm-s
8 SeÃ±ales de que Alguien TE USA | Psych2Go ESPAÃ‘OL,https://www.youtube.com/watch?v=mUrr2OlNpWk
Trucos PsicolÃ³gicos pt. 4 - Imagina DÃ³nde Quieres Llegar #shorts | Psych2Go,https://www.youtube.com/watch?v=iwnv0xpwWUA
Inteligencia Emocional - Reconocimiento de las emociones #shorts | Psych2Go ESPAÃ‘OL,https://www.youtube.com/watch?v=dVanrtsQcxY
Â¿QuÃ© es el TLP? ğŸ¤” #shorts | Psych2Go,https://www.youtube.com/watch?v=tD_yINCEkLU
5 HÃ¡bitos que Te Hacen MENOS ATRACTIVO  | Psych2Go ESPAÃ‘OL,https://www.youtube.com/watch?v=wkNByeo0Z_U
Personas a Evitar: EL JUZGADOR âš ï¸ #shorts | Psych2Go ESPAÃ‘OL,https://www.youtube.com/watch?v=1oHjQEoqtqg
Trucos PsicolÃ³gicos pt. 3 - TeorÃ­a Pavloviana #shorts | Psych2Go,https://www.youtube.com/watch?v=-ytgf7LPaJY
9 SeÃ±ales de que Eres SUPERDOTADO | Psych2Go ESPAÃ‘OL,https://www.youtube.com/watch?v=k6ZA_EDcCCY
Â¿QuÃ© es la ACROFOBIA? #shorts | Psych2Go,https://www.youtube.com/watch?v=lfGOBOAjvOg
Trucos PsicolÃ³gicos pt. 2 - Darle algo a alguien #shorts | Psych2Go,https://www.youtube.com/watch?v=PPIyX7pLHMM
Personas a Evitar: EL MANIPULADOR âš ï¸ #shorts | Psych2Go ESPAÃ‘OL,https://www.youtube.com/watch?v=MKu-LqoimMg
Los 6 Tipos de MEJORES AMIGOS que HarÃ¡s en tu Vida | Psych2Go ESPAÃ‘OL,https://www.youtube.com/watch?v=dIYTJO58VGc
Trucos PsicolÃ³gicos pt. 1 - Llama a la gente por su nombre #shorts | Psych2Go ESPAÃ‘OL,https://www.youtube.com/watch?v=PFUex-XAc10
Â¡Cuida tus vibras! #shorts | Psych2Go ESPAÃ‘OL,https://www.youtube.com/watch?v=rcPvsY-gqP8
8 Problemas por Ser Demasiado Amable | Psych2Go,https://www.youtube.com/watch?v=yFARBXACN0g
Personas a Evitar: EL CHISMOSO âš ï¸ #shorts | Psych2Go ESPAÃ‘OL,https://www.youtube.com/watch?v=8YomMB91WC0
Â¿QuÃ© es el FOMO? ğŸ¤” #shorts  | Psych2Go ESPAÃ‘OL,https://www.youtube.com/watch?v=N75PLTpaeE4
Â¿Haces Ejercicio? ğŸ’ª #shorts | Psych2Go ESPAÃ‘OL,https://www.youtube.com/watch?v=2cmUoXKqx4I
"8 SeÃ±ales de VÃNCULO TRAUMÃTICO, No AMOR | Psych2Go ESPAÃ‘OL",https://www.youtube.com/watch?v=jJs1GEo-kvQ
Personas a Evitar: EL EGOCÃ‰NTRICO âš ï¸ #shorts | Psych2Go,https://www.youtube.com/watch?v=-XCTMYCRXPU
Â¿QuÃ© es la AEROFOBIA? âœˆï¸ğŸ˜¨  #shorts | Psych2Go ESPAÃ‘OL,https://www.youtube.com/watch?v=xtSAE658qvA
9 Tipos de Inteligencia Â¿CuÃ¡l es el tuyo? | Psych2Go ESPAÃ‘OL,https://www.youtube.com/watch?v=RQE8xaVck1E
Â¿QuÃ© es el Trastorno del Deseo Sexual Hipoactivo? ğŸ¤” #shorts | Psych2Go ESPAÃ‘OL,https://www.youtube.com/watch?v=OYpBMZhF_kY
Personas a Evitar: EL HIPÃ“CRITA âš ï¸ #shorts | Psych2Go ESPAÃ‘OL,https://www.youtube.com/watch?v=3c5td4Uye8Q
2 SeÃ±ales de EnsoÃ±aciÃ³n Excesiva ğŸ˜´  #shorts | Psych2Go ESPAÃ‘OL,https://www.youtube.com/watch?v=7whqz3bpsNg
CÃ³mo Superar a Tu Ex | Psych2Go ESPAÃ‘OL,https://www.youtube.com/watch?v=4xK3PC8hPzg
No Ignores tu Salud Mental y FÃ­sica âš ï¸ #shorts | Psych2Go ESPAÃ‘OL,https://www.youtube.com/watch?v=bc5Qd7CCusM
Â¿QuÃ© es la CINOFOBIA? ğŸ¶ğŸ˜¨ #shorts | Psych2Go,https://www.youtube.com/watch?v=BG5EdZNF8oo
CÃ³mo Saber si Alguien Sufre BULLYING | Psych2Go ESPAÃ‘OL,https://www.youtube.com/watch?v=bOO657hwUL8
Â¿QuÃ© es el Burnout? ğŸ¤” #shorts | Psych2Go ESPAÃ‘OL,https://www.youtube.com/watch?v=wwf5SJVFxTc
Â¿QuÃ© es la Sexomnia? ğŸ¤” #shorts | Psych2Go ESPAÃ‘OL,https://www.youtube.com/watch?v=lXriIACYEWI
Â¿QuÃ© es la OFIDIOFOBIA? ğŸğŸ˜¨ #shorts | Psych2Go ESPAÃ‘OL,https://www.youtube.com/watch?v=wFSuPjmnfvo
6 SeÃ±ales de que Eres MÃ¡s INTELIGENTE que la Media | Psych2Go ESPAÃ‘OL,https://www.youtube.com/watch?v=RNwc4Dcj2RI
Â¿Buscas encajar? #shorts | Psych2Go,https://www.youtube.com/watch?v=1yFVzwshYrc
Â¡Corre el riesgo! ğŸ’ª #shorts | Psych2Go ESPAÃ‘OL,https://www.youtube.com/watch?v=OLH30Lau3JQ
Lo que Tu Horario de SueÃ±o Revela Sobre Ti | Psych2Go,https://www.youtube.com/watch?v=xJKBlUtE_1E
Necesidad de Pertenencia en Adolescentes #shorts | Psych2Go ESPAÃ‘OL,https://www.youtube.com/watch?v=e-HA_vXZZHY
Â¿QuÃ© es la ARACNOFOBIA? ğŸ•·ğŸ˜¨ #shorts | Psych2Go,https://www.youtube.com/watch?v=G7tuUrpPYQM
Â¿QuÃ© es la EnsoÃ±aciÃ³n Excesiva? ğŸ¤” #shorts | Psych2Go,https://www.youtube.com/watch?v=iJ1hQbhjzG0
6 Tipos de Abrazos y QuÃ© Significan | Psych2Go ESPAÃ‘OL,https://www.youtube.com/watch?v=69VnXrHfd38
AÌmate a ti mismo ğŸ¥° #shorts | Psych2Go ESPAÃ‘OL,https://www.youtube.com/watch?v=9OeI6Y2x5AY
Â¿QuÃ© es la AversiÃ³n al Sexo? ğŸ¤¢ #shorts | Psych2Go ESPAÃ‘OL,https://www.youtube.com/watch?v=OdE3aQk2Dwk
9 PequenÌƒas Cosas que Revelan MUCHO sobre TU PERSONALIDAD | Psych2Go ESPAÃ‘OL,https://www.youtube.com/watch?v=8KfKzeTRet4
Por quÃ© los Inteligentes Quieren estar Solos ğŸ§ #shorts | Psych2Go ESPAÃ‘OL,https://www.youtube.com/watch?v=kMxmyo29Ebc
Â¿Saboreas los Momentos? ğŸ˜‹ #shorts | Psych2Go ESPAÃ‘OL,https://www.youtube.com/watch?v=_W5iv0Pj1f8
7 HaÌbitos que MATAN una RELACIÃ“N ğŸ’” | Psych2Go ESPAÃ‘OL,https://www.youtube.com/watch?v=AjYkNSfUbRE
Â¿Te sientes feo?  #shorts | Psych2Go ESPAÃ‘OL,https://www.youtube.com/watch?v=o29Tt3U6qNE
Â¿Retrasas tu hora de dormir? ğŸ˜´  #shorts | Psych2Go ESPAÃ‘OL,https://www.youtube.com/watch?v=OkBdwEMM4tg
Verdades IncÃ³modas que te HarÃ¡n MÃ¡s Fuerte (Parte 2) | Psych2Go ESPAÃ‘OL,https://www.youtube.com/watch?v=8O1nA65KDBs
Â¿QuÃ© es la ExcitaciÃ³n Genital Persistente? ğŸ¤” #shorts | Psych2Go ESPAÃ‘OL,https://www.youtube.com/watch?v=lXFuBYZn7Bg
Para Aquellos que hayan Perdido la Esperanza en la Vida | Psych2Go ESPAÃ‘OL,https://www.youtube.com/watch?v=s238PYDzSF8
ğŸ¥° AMOR vs ENAMORAMIENTO ğŸ˜ (Pt. 5) #shorts | Psych2Go,https://www.youtube.com/watch?v=HYi3dlw_Sw4
CÃ³mo Aprovechar tu Tiempo Libre â³ #shorts | Psych2Go ESPAÃ‘OL,https://www.youtube.com/watch?v=oFnvilqX3Mo
4 Tipos de TOC | Psych2Go ESPAÃ‘OL,https://www.youtube.com/watch?v=i5WlA_l3uVI
Â¿Te aÃ­slas DEMASIADO de los demÃ¡s? ğŸ˜” #shorts | Psych2Go ESPAÃ‘OL,https://www.youtube.com/watch?v=P_VsZDuIvZg
Esto ARRUINA tu RelaciÃ³n ğŸ’” (pt. 4) #shorts | Psych2Go,https://www.youtube.com/watch?v=NoYIcwt2mQA
4 Datos PsicolÃ³gicos sobre los Besos | Psych2Go ESPAÃ‘OL,https://www.youtube.com/watch?v=B4JPzsyqFUw
Â¿QuÃ© es la EyaculaciÃ³n RetrÃ³grada? ğŸ¤” #shorts | Psych2Go ESPAÃ‘OL,https://www.youtube.com/watch?v=6S8hx1L0FKg
Estilos de caminar: El EXHIBICIONISTA ğŸ˜ #shorts | Psych2Go ESPAÃ‘OL,https://www.youtube.com/watch?v=MNevx2JJ3BA
5 Cosas que los INTROVERTIDOS Quieren que Sepas | Psych2Go ESPAÃ‘OL,https://www.youtube.com/watch?v=gnJ8no55N-8
EstaÌs siendo ABUSIVO si haces esto ğŸ˜± #shorts  | Psych2Go,https://www.youtube.com/watch?v=8YWg2B8OkyA
ğŸ¥° AMOR vs ENAMORAMIENTO ğŸ˜ (Pt. 4) #shorts | Psych2Go,https://www.youtube.com/watch?v=6NVPyq7Xyog
6 Tipos de EMPÃTICOS | Psych2Go ESPAÃ‘OL,https://www.youtube.com/watch?v=I8YcnOhRLew
Â¿QuÃ© es la Enfermedad Post OrgÃ¡smica? ğŸ¤” #shorts | Psych2Go ESPAÃ‘OL,https://www.youtube.com/watch?v=gy7NYFhzBVs
ğŸš© Â¿Tu pareja es TÃ“XICA? â˜ ï¸ (Pt. 4) #shorts | Psych2Go ESPAÃ‘OL,https://www.youtube.com/watch?v=rJss4CKmvBM
5 SeÃ±ales de que EstÃ¡s en una RelaciÃ³n Codependiente | Psych2Go ESPAÃ‘OL,https://www.youtube.com/watch?v=DyPeibY75zs
Estilos de dormir:  PosiciÃ³n FETAL ğŸ˜´ #shorts | Psych2Go,https://www.youtube.com/watch?v=XCGtzXYaFjY
Â¿Te IRRITAS con facilidad? (DepresiÃ³n en adolescentes) #shorts | Psych2Go,https://www.youtube.com/watch?v=6h0RuUPswqc
6 Cosas que Te Hacen INFELIZ | Psych2Go ESPAÃ‘OL,https://www.youtube.com/watch?v=sDqTxD46dDw
Enamoramientos Insanos ğŸ’” (Pt. 5) #shorts | Psych2Go ESPAÃ‘OL,https://www.youtube.com/watch?v=FdnLMFjdS3Y
No te Calles lo que Piensas ğŸ¤—  | Psych2Go,https://www.youtube.com/watch?v=lFYR33VhA48
QUIZ: Â¿CuÃ¡l es tu Nivel de MADUREZ Emocional? | Psych2Go ESPAÃ‘OL,https://www.youtube.com/watch?v=H2ZleSURuRA
ğŸš© Â¿Tu pareja es TÃ“XICA? â˜ ï¸ (Pt. 3) #shorts | Psych2Go ESPAÃ‘OL,https://www.youtube.com/watch?v=OVPBBvk8SjY
Enamoramientos Insanos ğŸ’” (Pt. 4) #shorts | Psych2Go,https://www.youtube.com/watch?v=puZcQ1DlBrs
Â¿Tienes Padres Controladores? ğŸ˜¨  #shorts  | Psych2Go,https://www.youtube.com/watch?v=cl2Ex6U8x6U
Â¿Por quÃ© las Personas Inteligentes NO Tienen Suerte en el AMOR? | Psych2Go,https://www.youtube.com/watch?v=-yzK144s5iM
2 SeÃ±ales de que eres AMBIVERTIDO | Psych2Go,https://www.youtube.com/watch?v=d0frRExa4lY
Esto ARRUINA tu RelaciÃ³n ğŸ’” (pt. 3) #shorts | Psych2Go,https://www.youtube.com/watch?v=onYNTKaK51g
INFJ & ENFP - Â¿La relaciÃ³n mÃ¡s compatible? | Psych2Go ESPAÃ‘OL,https://www.youtube.com/watch?v=VLTrDdH1B9E
Â¿QuÃ© es la PsicopatiÌa? #shorts | Psych2Go,https://www.youtube.com/watch?v=SIak5ALdNFk
2 senÌƒales de relacioÌn sana ğŸ’• #shorts | Psych2Go ESPAÃ‘OL,https://www.youtube.com/watch?v=EAjWJWaPeI4
La Triada Oscura... Â¿QuÃ© es? | Psych2Go ESPAÃ‘OL,https://www.youtube.com/watch?v=2gnIFd4klx0
Trastorno Paranoide de la Personalidad (Pt 2) #shorts | Psych2Go ESPAÃ‘OL,https://www.youtube.com/watch?v=m1cEbCPuSWg
Â¿No confÃ­as en los demÃ¡s? #shorts | Psych2Go,https://www.youtube.com/watch?v=Z4PAljxpk30
Enamoramientos Insanos ğŸ’” (Pt. 3) #shorts | Psych2Go ESPAÃ‘OL,https://www.youtube.com/watch?v=4lLQ7d3g1h0
Lo que tu PosiciÃ³n de Dormir dice Sobre ti ğŸ˜´ | Psych2Go,https://www.youtube.com/watch?v=U4Y-eS-wMTM
Â¿EstÃ¡s en modo de Supervivencia? ğŸ¤” #shorts | Psych2Go ESPAÃ‘OL,https://www.youtube.com/watch?v=9Iwm35u698U
SeÃ±ales de que tienes una RelaciÃ³n SANA ğŸ’• #shorts | Psych2Go ESPAÃ‘OL,https://www.youtube.com/watch?v=0jMKab80yj0
Verdades IncÃ³modas que te HarÃ¡n MÃ¡s Fuerte (Parte 1) | Psych2Go ESPAÃ‘OL,https://www.youtube.com/watch?v=UZaQ7FhoC8Q
Consejos para Vivir mÃ¡s Feliz ğŸ¤— (Pt. 2) #shorts | Psych2Go ESPAÃ‘OL,https://www.youtube.com/watch?v=SctGIdMXwQE
EstÃ¡s siendo ABUSIVO si haces ESTO ğŸ˜° #shorts | Psych2Go ESPAÃ‘OL,https://www.youtube.com/watch?v=dBpQjH3tbqU
ğŸš© Â¿Tu pareja es TÃ“XICA? â˜ ï¸ (Pt. 2) #shorts | Psych2Go ESPAÃ‘OL,https://www.youtube.com/watch?v=tdQaHfpcGz4
"PsicoÌpatas, SocioÌpatas, Narcisistas, EmpaÌticos Oscuros Â¿QuieÌn es maÌs Peligroso? | P2Go ESPAÃ‘OL",https://www.youtube.com/watch?v=cfPPGxZEORg
Aprende a Decir NO #shorts | Psych2Go,https://www.youtube.com/watch?v=NhKkdtlqZ-Q
Â¿Tus Padres te exigen mucho? #shorts  | Psych2Go ESPAÃ‘OL,https://www.youtube.com/watch?v=SRMqKU248z8
Lo que el PORNO le hace a tu Cerebro | Psych2Go,https://www.youtube.com/watch?v=gN33Emz_Av8
Tu Infancia te Afecta como Padre ğŸ˜° #shorts | Psych2Go,https://www.youtube.com/watch?v=W-zMyjmg8mk
Â¿EstÃ¡s en Modo de Supervivencia? ğŸ˜± #shorts | Psych2Go ESPAÃ‘OL,https://www.youtube.com/watch?v=bkgPOFMbKeg
Â¿Tu NIÃ‘O INTERIOR estÃ¡ Herido? ğŸ˜” (Pt. 2) #shorts | Psych2Go ESPAÃ‘OL,https://www.youtube.com/watch?v=bC40h8FbAEY
SeÃ±ales de que Alguien FINGE AMARTE | Psych2Go ESPAÃ‘OL,https://www.youtube.com/watch?v=5moEe9D4dbw
Enamoramientos Insanos ğŸ’” (Pt. 2) #shorts | Psych2Go,https://www.youtube.com/watch?v=ACqnvWzNn74
Consejos para Vivir mÃ¡s Feliz ğŸ¤— (Pt. 1) #shorts | Psych2Go ESPAÃ‘OL,https://www.youtube.com/watch?v=8yzq8RENBP8
CÃ³mo Pedirle una Cita a tu Crush | Psych2Go,https://www.youtube.com/watch?v=RnYpkDoSS7c
"Â¡Eres Fuerte, Puedes Lidiar con Ello! ğŸ˜” #shorts | Psych2Go ESPAÃ‘OL",https://www.youtube.com/watch?v=SSWwhxMJi94
Tipos de Sonrisas ğŸ˜ #shorts | Psych2Go ESPAÃ‘OL,https://www.youtube.com/watch?v=1IvOD6yGOb0
Esto ARRUINA tu RelaciÃ³n ğŸ’” (pt. 2) #shorts | Psych2Go,https://www.youtube.com/watch?v=c8SBARTFcw8
El Lado Oscuro de las Personas Altamente Inteligentes | Psych2Go ESPAÃ‘OL,https://www.youtube.com/watch?v=g8QFuvoS-qs
Â¿Tienes a tu NiÃ±o Interior Herido? ğŸ˜” (Pt.1) #shorts | Psych2Go ESPAÃ‘OL,https://www.youtube.com/watch?v=oIP35r_LEnk
No seas un Sabelotodo ğŸ¤“ #shorts | Psych2Go ESPAÃ‘OL,https://www.youtube.com/watch?v=on1LD8PTIZ4
QUIZ: Â¿CuÃ¡l es Tu Tipo de Personalidad? | Psych2Go ESPAÃ‘OL,https://www.youtube.com/watch?v=An1B-gANy2U
Consejos para Ser mÃ¡s Productivo #shorts | Psych2Go ESPAÃ‘OL,https://www.youtube.com/watch?v=rDzh2nSW0HM
Esto ARRUINA tu RelaciÃ³n ğŸ’” (Pt.1) #shorts | Psych2Go,https://www.youtube.com/watch?v=3Y1t7Ra0XdI
Â¿CÃ³mo te afectarÃ¡ el Abuso FÃ­sico que Sufriste de NiÃ±o? ğŸ˜” #shorts | Psych2Go ESPAÃ‘OL,https://www.youtube.com/watch?v=xqhec7XUDNg
PsicologÃ­a DetrÃ¡s de los Retos Virales | Psych2Go,https://www.youtube.com/watch?v=mIHcqIrlbb4
Â¿Te decÃ­an ESTO tus padres? ğŸ¤” #shorts | Psych2Go,https://www.youtube.com/watch?v=KvTpRxHgvVo
Â¿STALKEAS a tu Crush? ğŸ˜¨ #shorts | Psych2Go,https://www.youtube.com/watch?v=Y0G5y9iN_HA
6 SeÃ±ales de que Sufriste Abuso (NO ES TU CULPA) | Psych2Go ESPAÃ‘OL,https://www.youtube.com/watch?v=UREE_qnUvVQ
Â¿CÃ³mo te afecta el Abuso Infantil? ğŸ˜” #shorts | Psych2Go ESPAÃ‘OL,https://www.youtube.com/watch?v=haGG0liBBPQ
Â¿Tienes Pareja y te gusta otra persona? ğŸ˜± #shorts | Psych2Go,https://www.youtube.com/watch?v=gZsvNkRLDbA
"Â¿Sueles decir ""TE LO DIJE""? ğŸ¤” #shorts | Psych2Go ESPAÃ‘OL",https://www.youtube.com/watch?v=sMNBbj9SDVw
Â¿QuÃ© es Ser BIPOLAR? | Psych2Go ESPAÃ‘OL,https://www.youtube.com/watch?v=KOFq74eCEFI
Â¿Te disculpas Demasiado? ğŸ¤” #shorts | Psych2Go,https://www.youtube.com/watch?v=VqaFU_S_bTk
Â¿QuÃ© es un Narcisista? ğŸ¤” #shorts | Psych2Go,https://www.youtube.com/watch?v=7j0O0yxSZDg
Lo que tus MENSAJES Dicen de ti | Psych2Go ESPAÃ‘OL,https://www.youtube.com/watch?v=bIyd1lM0G6Q
Â¿QuÃ© es la SociopatÃ­a? ğŸ¤” #shorts | Psych2Go,https://www.youtube.com/watch?v=x83_9EGKAPQ
ğŸŒ± Aventuras de PSI #19: Â¡A estudiar! ğŸ“,https://www.youtube.com/watch?v=UZ7CcQnpw_M
Â¿QuÃ© es la Esquizofrenia? ğŸ¤” #shorts | Psych2Go,https://www.youtube.com/watch?v=j7f542uQeCw
7 HÃ¡bitos de Personas con Baja Autoestima | Psych2Go,https://www.youtube.com/watch?v=_nNI40gbw2Q
Sexo vs GÃ©nero vs OrientaciÃ³n ğŸ³ï¸â€ğŸŒˆ #shorts | Psych2Go,https://www.youtube.com/watch?v=pP121Z5Il6g
Trastorno Paranoide de la Personalidad (Pt 1) #shorts | Psych2Go,https://www.youtube.com/watch?v=xtwlxNSKWtA
6 SeÃ±ales de SimpÃ¡ticos Falsos | Psych2Go ESPAÃ‘OL,https://www.youtube.com/watch?v=aqnDORjW2mw
Â¿Tienes una Baja Inteligencia Emocional? - EQ #shorts | Psych2Go ESPAÃ‘OL,https://www.youtube.com/watch?v=5hEwEB_vIyM
ğŸŒ± Aventuras de PSI #18: Â¡DÃ­a de PLAYA! ğŸ–,https://www.youtube.com/watch?v=Kl__zZqoSPQ
Â¿CÃ³mo Superar a un NARCISISTA? #shorts | Psych2Go ESPAÃ‘OL,https://www.youtube.com/watch?v=Z7FZvlq0_po
6 Estilos de Amor y CÃ³mo Entender el Tuyo | Psych2Go ESPAÃ‘OL,https://www.youtube.com/watch?v=vOMCQyidFS8
Â¿Pierdes el Tiempo? #shorts | Psych2Go,https://www.youtube.com/watch?v=jiwD3Fy5xM8
Las PAS Son Esponjas Emocionales #shorts  | Psych2Go ESPAÃ‘OL,https://www.youtube.com/watch?v=0RmINdQIArw
6 SeÃ±ales de que Eres una Persona TÃ³xica | Psych2Go ESPAÃ‘OL,https://www.youtube.com/watch?v=NUki4CPn_P4
ğŸŒ± Aventuras de PSI #17: Â¡MUDANZA! ğŸ˜±,https://www.youtube.com/watch?v=aECVgF8mgF4
No Invalides los Sentimientos de Tus Hijos #shorts | Psych2Go ESPAÃ‘OL,https://www.youtube.com/watch?v=GxyXvfb489g
ğŸš© Â¿Tu pareja es TÃ“XICA? â˜ ï¸ (Pt.1) #shorts  | Psych2Go ESPAÃ‘OL,https://www.youtube.com/watch?v=z_lrt23W4b0
Lo que El SEXO le Hace a TU CEREBRO | Psych2Go ESPAÃ‘OL,https://www.youtube.com/watch?v=P0bnB8O-lNY
Lenguaje Corporal de ATRACCIÃ“N #shorts | Psych2Go,https://www.youtube.com/watch?v=-kDxX6b4UXU
ğŸ¥° AMOR vs ENAMORAMIENTO ğŸ˜ (Pt. 3) #shorts | Psych2Go,https://www.youtube.com/watch?v=PA-RbD8f_s8
Â¿Eres Emocionalmente ABUSIVO? ğŸ¤” #shorts | Psych2Go ESPAÃ‘OL,https://www.youtube.com/watch?v=4sqH9CHHkZ4
5 SeÃ±ales de TDAH Inatento (TDA) | Psych2Go ESPAÃ‘OL,https://www.youtube.com/watch?v=-owzIK9KX10
ğŸŒ± Aventuras de PSI #16: Â¡PIJAMADA!,https://www.youtube.com/watch?v=bDJrSKJquBE
Â¿QuiÃ©n es el FAVORITO de TUS PADRES? ğŸ˜° #shorts | Psych2Go ESPAÃ‘OL,https://www.youtube.com/watch?v=lFYpGU3TeCU
Rasgos de una Persona Honesta #shorts | Psych2Go ESPAÃ‘OL,https://www.youtube.com/watch?v=X2lJkhqwP9c
"Si Te Sientes FEO Para una RelaciÃ³n, MIRA ESTO | Psych2Go ESPAÃ‘OL",https://www.youtube.com/watch?v=rgSv4zp_L38
Â¡Dar un Paseo Alivia la DEPRESIÃ“N! #shorts | Psych2Go ESPAÃ‘OL,https://www.youtube.com/watch?v=9IFZtoTyRw0
Â¿Tienes MENTALIDAD de VÃCTIMA? ğŸ¤” | Psych2Go,https://www.youtube.com/watch?v=DsxcoE0WPG4
"Trastornos Alimenticios RAROS - ""PICA"" #shorts | Psych2Go ESPAÃ‘OL",https://www.youtube.com/watch?v=0zw6k9hcj30
ğŸŒ± Aventuras de PSI #15: DÃA CALUROSO ğŸ¥µ,https://www.youtube.com/watch?v=hGXn176iI68
6 Tipos de Persona que DEBES EVITAR a Toda Costa | Psych2Go ESPAÃ‘OL,https://www.youtube.com/watch?v=Ks1OBRnke_8
CÃ³mo Saber si le Gusto ğŸ¤” #shorts | Psych2Go ESPAÃ‘OL,https://www.youtube.com/watch?v=8aUA5v9NDTs
Mitos sobre Asexualidad: No has Encontrado al Indicado #shorts,https://www.youtube.com/watch?v=QUucRh8KM7A
Haz lo que te haga FELIZ ğŸ¤— #shorts | Psych2Go ESPAÃ‘OL,https://www.youtube.com/watch?v=FIWcivFeVBI
5 SeÃ±ales de TRAUMA EMOCIONAL (Y CÃ³mo SANARLO) | Psych2Go ESPAÃ‘OL,https://www.youtube.com/watch?v=pm7-77TeSX8
SeÃ±ales de que YA NO HAY AMOR ğŸ’” #shorts | Psych2Go,https://www.youtube.com/watch?v=qOanB1PiTzw
ğŸŒ± Aventuras de PSI #14: ENCAJAR,https://www.youtube.com/watch?v=agJGLubsGiw
CÃ³mo Cambiar tu Vida en SEIS Meses | Psych2Go ESPAÃ‘OL,https://www.youtube.com/watch?v=zvkhNGCPyfI
Â¡NO HAGAS ESTO! (Lenguaje Corporal Contractual) #shorts | Psych2Go ESPAÃ‘OL,https://www.youtube.com/watch?v=Wb00TGeM_ew
ğŸ¥° AMOR vs ENAMORAMIENTO ğŸ˜ (Pt. 2) #shorts | Psych2Go,https://www.youtube.com/watch?v=bGW-wkIvapE
Â¿QuÃ© es la OBESOFOBIA? ğŸ¤” #shorts | Psych2Go ESPAÃ‘OL,https://www.youtube.com/watch?v=aXKchzU73b8
SeÃ±ales de AtracciÃ³n en el Lenguaje Corporal | Psych2Go ESPAÃ‘OL,https://www.youtube.com/watch?v=9sdz9d2IMvg
CÃ³mo Lidiar con el FRACASO ğŸ˜° #shorts | Psych2Go ESPAÃ‘OL,https://www.youtube.com/watch?v=vMht5ArSfX4
ğŸŒ± Aventuras de PSI #13: La Cita de PSI ğŸ³ï¸â€ğŸŒˆ,https://www.youtube.com/watch?v=OvSEIS6nyTA
AlimentaciÃ³n y Autoestima #shorts | Psych2Go ESPAÃ‘OL,https://www.youtube.com/watch?v=V6i0DUBac4o
TRUCOS para FRENAR a un NARCISISTA | Psych2Go ESPAÃ‘OL,https://www.youtube.com/watch?v=3PKOm2PcirA
ğŸ¥° AMOR vs ENAMORAMIENTO ğŸ˜ (Pt. 1) #shorts | Psych2Go,https://www.youtube.com/watch?v=h7vFvMfCBIw
Apoya a tu amigo LGBT #shorts | Psych2Go ESPAÃ‘OL,https://www.youtube.com/watch?v=HcVVkKyT43Y
DepresiÃ³n Infantil #shorts | Psych2Go,https://www.youtube.com/watch?v=Ws6p7Yud3J0
ğŸŒ± Aventuras de PSI #12: Los LUNES de PSI ğŸ˜´,https://www.youtube.com/watch?v=0YNFsONW7Xg
Â¿QuÃ© es Sexomnia? ğŸ¤” #shorts | Psych2Go ESPAÃ‘OL,https://www.youtube.com/watch?v=mNdBd_j6dBw
âŒ ESTO NO ES TOC âŒ | Psych2Go ESPAÃ‘OL,https://www.youtube.com/watch?v=iHAQfOjqFoE
Gatito Cute ğŸ¥º #shorts | Psych2Go ESPAÃ‘OL,https://www.youtube.com/watch?v=cJlvqjXlMyw
Â¿SueÃ±as con la CASA de tu INFANCIA? ğŸ¤” #shorts | Psych2Go ESPAÃ‘OL,https://www.youtube.com/watch?v=wXxdbVU58Po
Â¿Eres una Persona HONESTA? #shorts | Psych2Go ESPAÃ‘OL,https://www.youtube.com/watch?v=taT_EhDwVMM
ğŸŒ± Aventuras de PSI #11: EL ESCUADRÃ“N #shorts,https://www.youtube.com/watch?v=M0rgnm88Ho0
Mensaje Importante | Psych2Go ESPAÃ‘OL,https://www.youtube.com/watch?v=XgsXRmrYYnQ
Â¿Tienes Padres Exigentes? | Psych2Go,https://www.youtube.com/watch?v=42vvukAnABc
Â¿Eres un Alma Vieja? #shorts | Psych2Go ESPAÃ‘OL,https://www.youtube.com/watch?v=O0OcNxelQrc
Tipos de Anhedonia #shorts | Psych2Go,https://www.youtube.com/watch?v=w3jYbpdn1J4
ğŸŒ± Aventuras de PSI #10: Charla Nocturna #shorts,https://www.youtube.com/watch?v=dpJzhLtz3as
âš ï¸ 8 Alarmantes SeÃ±ales de DepresiÃ³n en Adolescentes âš ï¸ | Psych2Go ESPAÃ‘OL,https://www.youtube.com/watch?v=tls15FW2vA8
CoÌmo Gustarle a Tu Crush #shorts | Psych2Go ESPAÃ‘OL,https://www.youtube.com/watch?v=or0T9it1UJM
Â¿QuÃ© es el EFECTO CAMALEÃ“N? #shorts | Psych2Go,https://www.youtube.com/watch?v=0rhYEs080rc
Secretos de la ImaginaciÃ³n & Creatividad - Hayao Miyazaki (Resubido) | Psych2Go ESPAÃ‘OL,https://www.youtube.com/watch?v=sfr-3PUVMZM
Â¿TerapÃ©utico? Â¿ SÃ­ o No? #shorts | Psych2Go ESPAÃ‘OL,https://www.youtube.com/watch?v=z0LtrXm93aQ
Â¿Deprimido? Â¡Mira esto para animarte! (random) #shorts | Psych2Go ESPAÃ‘OL,https://www.youtube.com/watch?v=jjQ79nDRuSs
ğŸŒ± Aventuras de PSI #9: Â¿CÃ³mo es tu relaciÃ³n con la comida?,https://www.youtube.com/watch?v=cC4o1m3hXh8
8 SeÃ±ales de que el POLIAMOR es para ti | Psych2Go ESPAÃ‘OL,https://www.youtube.com/watch?v=avB7DMd3nKg
Gatito #shorts | Psych2Go ESPAÃ‘OL,https://www.youtube.com/watch?v=6OxE3HknOmQ
Â¿EstaÌs Bien? #shorts | Psych2Go ESPAÃ‘OL,https://www.youtube.com/watch?v=ni8kK9QpiSA
âš ï¸ Â¡No Cuentes Tus Miedos! âš ï¸ #shorts | Psych2Go,https://www.youtube.com/watch?v=Za9ji_r5B2c
QUIZ: Â¿Eres un Alma Vieja? | Psych2Go ESPAÃ‘OL,https://www.youtube.com/watch?v=niID1OjTEqk
Â¿ConfÃ­as en tu pareja? ğŸ¤” #shorts | Psych2Go ESPAÃ‘OL,https://www.youtube.com/watch?v=8lWWvSNS0F8
ğŸŒ± Aventuras de PSI #8: You Want PSI? #shorts,https://www.youtube.com/watch?v=ZVu9zmGAU1Q
6 Trastornos Sexuales Poco Conocidos | Psych2Go ESPAÃ‘OL,https://www.youtube.com/watch?v=vHq1FXCRWAY
Â¿Eres EmpÃ¡tico Oscuro? ğŸ¤” (Pt. 1) #shorts | Psych2Go,https://www.youtube.com/watch?v=TyLXtVGb0jk
Â¿QuÃ© es la RumiaciÃ³n? ğŸ¤” #shorts | Psych2Go,https://www.youtube.com/watch?v=XuC5JEVMv6g
Â¿Te DanÌƒas a Ti Mismo? #shorts | Psych2Go ESPAÃ‘OL,https://www.youtube.com/watch?v=T-Q1ecNtojY
Lo que tu MÃšSICA FAVORITA Dice de ti ğŸ¶ | Psych2Go ESPAÃ‘OL,https://www.youtube.com/watch?v=pqpmDlLrcaQ
Ten Claras Tus Metas #shorts | Psych2Go ESPAÃ‘OL,https://www.youtube.com/watch?v=IiEODtltx3A
ğŸŒ± Aventuras de PSI #7: PreparÃ¡ndose para Halloween,https://www.youtube.com/watch?v=eSZtxWXJ-xc
Â¿Pereza o DepresiÃ³n? #shorts | Psych2Go ESPAÃ‘OL,https://www.youtube.com/watch?v=cbkwW90V-1A
Aprende a DETECTAR a una Persona Honesta | Psych2Go,https://www.youtube.com/watch?v=UD2pVpZWZAQ
Â¿Eres Proactivo? #shorts  | Psych2Go ESPAÃ‘OL,https://www.youtube.com/watch?v=LBG1XCErqx0
Â¡Pon LÃ­mites! âŒ #shorts | Psych2Go ESPAÃ‘OL,https://www.youtube.com/watch?v=HwVnBX7Hlp8
5 Actitudes que MATAN las RELACIONES | Psych2Go ESPAÃ‘OL,https://www.youtube.com/watch?v=rlY0pXgT50k
Â¡No te Disculpes en Exceso! #shorts | Psych2Go,https://www.youtube.com/watch?v=EPqRKL1XZ_o
ğŸŒ± Aventuras de PSI #6: Hornea un Pastel con PSI ğŸ°,https://www.youtube.com/watch?v=3ocQ_Wab_fg
Â¿CoÌmo Te Hablas a Ti Mismo? #shorts | Psych2Go,https://www.youtube.com/watch?v=RzddI-6hjDE
7 SeÃ±ales de que Sientes una Profunda Soledad | Psych2Go ESPAÃ‘OL,https://www.youtube.com/watch?v=FxYvGQP2wqE
Le Gustas Pero le Teme al Rechazo #shorts | Psych2Go,https://www.youtube.com/watch?v=fYlIvzHZcoU
Trastorno Obsesivo Compulsivo (TOC) #Shorts | Psych2Go,https://www.youtube.com/watch?v=k_4TITkH4l0
6 SeÃ±ales de Alto IQ pero Bajo EQ | Psych2Go ESPAÃ‘OL,https://www.youtube.com/watch?v=MQFIlR_85Vk
Â¿QuÃ© es el Aislamiento Social? ğŸ¤” #shorts | Psych2Go,https://www.youtube.com/watch?v=Ndh4v1F7hIk
ğŸŒ± Aventuras de PSI #5: Â¡A JUGAR! ğŸ®,https://www.youtube.com/watch?v=jp3ky-YU6TU
Trastorno Depresivo Mayor (TDM) #Shorts | Psych2Go ESPAÃ‘OL,https://www.youtube.com/watch?v=D7ltcI3iYeA
SociÃ³pata vs. Narcisista - Â¿CuÃ¡l es la diferencia? | Psych2Go ESPAÃ‘OL,https://www.youtube.com/watch?v=-PlRGVuJRg8
Trastorno de Identidad Disociativo TID #Shorts | Psych2Go,https://www.youtube.com/watch?v=07MgGGI1q9Y
Tipos de Bipolaridad #Shorts | Psych2Go ESPAÃ‘OL,https://www.youtube.com/watch?v=EI7uCtUCDfA
7 Cosas Que DeberÃ­as Mantener en Privado | Psych2Go ESPAÃ‘OL,https://www.youtube.com/watch?v=B_s2oULnqBs
Â¿QueÌ es Realmente la BIPOLARIDAD? #Shorts | Psych2Go,https://www.youtube.com/watch?v=nc7RwQg1X00
ğŸŒ± Aventuras de PSI #4: Los Dibujos de PSI ğŸ– #shorts,https://www.youtube.com/watch?v=CF2OW0jv1JA
QUIZ: Â¿CuÃ¡l es Tu DEMONIO INTERIOR? | Psych2Go ESPAÃ‘OL,https://www.youtube.com/watch?v=IZ5VmpcooIA
Â¡Esquizofrenia!ğŸ§ #Shorts | Psych2Go ESPAÃ‘OL,https://www.youtube.com/watch?v=WwaULNOlJfs
CoÌmo tu Infancia te Afecta como Padre | Psych2Go,https://www.youtube.com/watch?v=9alibqUQdck
Â¿Te GustarÃ­a Ser MÃ¡s ATRACTIVO? #Shorts | Psych2Go,https://www.youtube.com/watch?v=aXjAp0VdDFQ
7 SeÃ±ales de que Eres un Verdadero INFJ | Psych2Go ESPAÃ‘OL,https://www.youtube.com/watch?v=MGFTlIko9S8
Â¿Tienes Alguna Fobia? #Shorts | Psych2Go,https://www.youtube.com/watch?v=8k4ZiKr53QI
ğŸŒ± Aventuras de PSI #3: Cuando Psi ConociÃ³ a Oreo ğŸ¾,https://www.youtube.com/watch?v=ipwkm6cGzMY
Â¿CÃ³mo Eres segÃºn tu GUSTO MUSICAL? #Shorts | Psych2Go,https://www.youtube.com/watch?v=qxULtg9GD4A
6 Cosas que te Hacen MENOS ATRACTIVO | Psych2Go ESPAÃ‘OL,https://www.youtube.com/watch?v=jFzM3aWaLP4
Lo que Tu ESTILO DE CAMINAR Revela Sobre Ti | Psych2Go ESPAÃ‘OL,https://www.youtube.com/watch?v=RX6ErZB9xrY
ğŸ˜± Â¿MANIPULAS Sin Querer? ğŸ˜± #Shorts | Psych2Go,https://www.youtube.com/watch?v=GPngUX_OYnQ
âš ï¸ Â¡NO CAIGAS EN SU TRAMPA! âš ï¸ #Shorts | Psych2Go,https://www.youtube.com/watch?v=oa7vVnfcKXI
12 HÃ¡bitos para Ser MÃ¡s PRODUCTIVO | Psych2Go,https://www.youtube.com/watch?v=ycugVOdABBY
CÃ³mo Detectar a tu AMIGO FALSO #Shorts | Psych2Go,https://www.youtube.com/watch?v=z7_rgE8rpsk
SeÃ±ales de Inteligencia #Shorts | Psych2Go,https://www.youtube.com/watch?v=wPJtwdZ7jS0
Enamoramientos âŒ No Saludables #Shorts | Psych2Go,https://www.youtube.com/watch?v=MY04rrd3AMw
7 Cosas que SOLO Hacen los AMIGOS FALSOS | Psych2Go ESPAÃ‘OL,https://www.youtube.com/watch?v=CJkcXyfstQM
Â¡DEJA DE DECIR ESTAS COSAS! | Psych2Go,https://www.youtube.com/watch?v=dpDkYkuHwO8
Controla tus SUEÃ‘OS #Shorts | Psych2Go,https://www.youtube.com/watch?v=A_ru7BmGGkI
Â¿Eres MANIPULADOR? | Psych2Go ESPAÃ‘OL,https://www.youtube.com/watch?v=paf-zRce-F8
Â¿CÃ³mo Romper El HIELO? (Para INTROVERTIDOS) #Shorts | Psych2Go,https://www.youtube.com/watch?v=xRkenFUxo28
Â¿QuÃ© Pasa Cuando nos ABRAZAN? #Shorts | Psych2Go,https://www.youtube.com/watch?v=s9xzanx1R5I
8 Cosas que DEBES SABER sobre el AMOR Propio | Psych2Go,https://www.youtube.com/watch?v=YUx22neznzw
Conceptos ErrÃ³neos sobre la ASEXUALIDAD | Psych2Go ESPAÃ‘OL,https://www.youtube.com/watch?v=Rr3OC9v7-m8
CÃ³mo Tener CHARLAS CASUALES (para Introvertidos) | Psych2Go,https://www.youtube.com/watch?v=KbOYMBsQClY
Â¡Las 7 Fobias MÃ¡s Comunes! | Psych2Go ESPAÃ‘OL,https://www.youtube.com/watch?v=sooinfUfKmI
6 Frases que NO SABES que son TÃ“XICAS (Positividad TÃ³xica) | Psych2Go ESPAÃ‘OL,https://www.youtube.com/watch?v=C6Xglc-jtvE
"No Eres AMABLE, Eres COMPLACIENTE | Psych2Go ESPAÃ‘OL",https://www.youtube.com/watch?v=U2i_pQvnwfQ
6 NUEVOS Datos PsicolÃ³gicos Sobre el SEXO | Psych2Go ESPAÃ‘OL,https://www.youtube.com/watch?v=j3kSfROeWYY
Esto es lo que Tu Gusto Musical Dice de Ti | Psych2Go ESPAÃ‘OL,https://www.youtube.com/watch?v=khQAluwgZtA
Aprende a DETECTAR a una Persona Manipuladora | Psych2Go,https://www.youtube.com/watch?v=dcAKLiYDVUQ
Â¿QuiÃ©n es PSI de Psych2Go? #Shorts | Psych2Go,https://www.youtube.com/watch?v=MsuWLpi4Ryk
CÃ³mo Tener SueÃ±os LÃºcidos | Psych2Go,https://www.youtube.com/watch?v=OJOqX7WUqEE
Â¿CuÃ¡l es tu Estilo de AMOR? #Shorts | Psych2Go,https://www.youtube.com/watch?v=_3L1Cw3ltXM
QUIZ: Â¿QuÃ© Tipo de Amigo Eres? | Psych2Go ESPAÃ‘OL,https://www.youtube.com/watch?v=aqoM-RZnacc
6 Formas de Apoyar a Alguien que Sale del Armario (LGBT) | Psych2Go ESPAÃ‘OL,https://www.youtube.com/watch?v=KqnV2ZbTHi8
7 Enamoramientos Insanos | Psych2Go,https://www.youtube.com/watch?v=_w2An_AWc0k
8 Datos PsicolÃ³gicos Sobre el Sexo | Psych2Go ESPAÃ‘OL,https://www.youtube.com/watch?v=PWFr3bHeSVg
CÃ³mo el ANIME y el KPOP Ayudan con la DepresiÃ³n | Psych2Go ESPAÃ‘OL,https://www.youtube.com/watch?v=meSbduEyoy8
CÃ³mo tu Infancia te Influye como Padre | Psych2Go,https://www.youtube.com/watch?v=Hk92sNymxUQ
6 TIPS para el Ã‰XITO #shorts | Psych2Go,https://www.youtube.com/watch?v=OzJoXiUynWM
Trastorno por EvitaciÃ³n/RestricciÃ³n de la Ingesta de Alimentos,https://www.youtube.com/watch?v=NTaeUT61-0k
Beso en la Mejilla #SHORTS | Psych2Go,https://www.youtube.com/watch?v=qaV33QOei2Q
Â¿QuÃ© Significa BI-CURIOSO? | Psych2Go ESPAÃ‘OL,https://www.youtube.com/watch?v=jKjDlaHb6SU
Vigorexia #SHORTS | Psych2Go,https://www.youtube.com/watch?v=ooa8VArop_w
HÃ¡bitos que mejoran tu Salud Mental #Shorts | Psych2Go,https://www.youtube.com/watch?v=R3_-nrUl6BU
Frases que NUNCA usan los INTELIGENTES (Parte 2/2) #Shorts | Psych2Go,https://www.youtube.com/watch?v=RyMEZiXBTDo
Frases que NUNCA usan los INTELIGENTES (Parte 1/2) #Shorts | Psych2Go,https://www.youtube.com/watch?v=C12xolsjq7o
6 Secretos PsicolÃ³gicos Sobre la ATRACCIÃ“N | Psych2Go ESPAÃ‘OL,https://www.youtube.com/watch?v=f1KNdEeGoyo
Te PrestarÃ¡ Mucha AtenciÃ³n #Shorts | Psych2Go,https://www.youtube.com/watch?v=v1EVERb6zw4
Nunca SeraÌs maÌs Joven de lo que Eres Ahora #Shorts | Psych2Go,https://www.youtube.com/watch?v=LuT_tLDRUDs
CÃ³mo AYUDAR a un Amigo Con DEPRESIÃ“N | Psych2Go,https://www.youtube.com/watch?v=6e7FB9Z_cDU
Las Redes Sociales Afectan a Tu Salud Mental #Shorts | Psych2Go ESPAÃ‘OL,https://www.youtube.com/watch?v=IU6oKDaEAro
Â¿EstaÌs Teniendo PROBLEMAS con Tu Salud MENTAL? | Psych2Go ESPAÃ‘OL,https://www.youtube.com/watch?v=2GMr6ZNIjtw
Trucos PsicolÃ³gicos pt. 7 - Efecto CamaleÃ³n #shorts | Psych2Go ESPAÃ‘OL,https://www.youtube.com/watch?v=Lyo7h-KQ9lo
Tus Padres Te Aman de una Manera TÃ“XICA | Psych2Go ESPAÃ‘OL,https://www.youtube.com/watch?v=_fx8VHsEiSI
SÃ­ndrome del Impostor #Shorts | Psych2Go,https://www.youtube.com/watch?v=U0HlC-VMW5Q
4 Tipos de Introvertidos #Shorts | Psych2Go,https://www.youtube.com/watch?v=SC5JW0dHGLI
Â¿Les GUSTA tu PERSONALIDAD? | Psych2Go ESPAÃ‘OL,https://www.youtube.com/watch?v=Qavy7nsnXrg
Trastornos Alimenticios (Â¿QuÃ© Hacer?) | Psych2Go ESPAÃ‘OL,https://www.youtube.com/watch?v=J2zxnhufMZ8
"No es Pereza, Es MODO DE SUPERVIVENCIA | Psych2Go ESPAÃ‘OL",https://www.youtube.com/watch?v=9-vgO2Vg5a4
6 Beneficios de los Abrazos | Psych2Go ESPAÃ‘OL,https://www.youtube.com/watch?v=DbMzR-I5Y5c
Â¿DISCUSIÃ“N o GASLIGHTING? | Psych2Go ESPAÃ‘OL,https://www.youtube.com/watch?v=7DWU5B4uIPA
ğŸŒ± Aventuras de PSI #1:  Psi Encuentra un Gato,https://www.youtube.com/watch?v=WOBYhkSAtWU
5 Errores de Padres que Pueden TRAUMAR a un NiÃ±o | Psych2Go ESPAÃ‘OL,https://www.youtube.com/watch?v=Z3pPd_BulYQ
6 Curiosidades Sobre la Sinestesia | Psych2Go ESPAÃ‘OL,https://www.youtube.com/watch?v=t7O-qDGHct8
Un Mensaje Importante | Psych2Go ESPAÃ‘OL,https://www.youtube.com/watch?v=VXFkOx96cn4
7 SeÃ±ales de que Eres un ENFP | Psych2Go ESPAÃ‘OL,https://www.youtube.com/watch?v=lU4FpnpdlJU
QUIZ: Â¿CuÃ¡l es Tu Edad Mental? (Â¡por diversiÃ³n!) | Psych2Go ESPAÃ‘OL,https://www.youtube.com/watch?v=mNMkxjnkgQM
8 SeÃ±ales de una RelaciÃ³n Saludable | Psych2Go ESPAÃ‘OL,https://www.youtube.com/watch?v=tCfhP0kWWUE
10 Verdades para Vivir Feliz | Psych2Go ESPAÃ‘OL,https://www.youtube.com/watch?v=g7Nbw3DEpyc
5 Significados de SueÃ±os que Debes Conocer | Psych2Go,https://www.youtube.com/watch?v=2yiWYBIK8iU
5 Mitos Sobre el Autismo (Parte 2) | Psych2Go ESPAÃ‘OL,https://www.youtube.com/watch?v=AQa7D5kvw3E
Â¿Te Hablas Negativamente? | Psych2Go,https://www.youtube.com/watch?v=TkZ1BphptMg
QUIZ: Â¿CuÃ¡l es tu estilo de amor? | Psych2Go ESPAÃ‘OL,https://www.youtube.com/watch?v=nO8ZDHwFDEk
6 Cosas que las Personas con DEPRESIÃ“N Quieren que Sepas (PARTE 2) | Psych2Go ESPAÃ‘OL,https://www.youtube.com/watch?v=Z6MFIuP9sw4
8 HÃ¡bitos por los que Pueden Ignorarte | Psych2Go ESPAÃ‘OL,https://www.youtube.com/watch?v=nKc8g8-Q7xo
"No es PEREZA, es DEPRESIÃ“N | Psych2Go ESPAÃ‘OL",https://www.youtube.com/watch?v=tlrGL9H_HEw
CÃ³mo Gustarle a Tu CRUSH | Psych2Go,https://www.youtube.com/watch?v=4z5qpuOhUQ4
6 HÃ¡bitos Para Ser MÃ¡s Exitoso | Psych2Go ESPAÃ‘OL,https://www.youtube.com/watch?v=sxx_yBnXtPo
5 Mitos Sobre el Autismo (Parte 1) | Psych2Go ESPAÃ‘OL,https://www.youtube.com/watch?v=BluzpX_tJPg
6 Cosas que las Personas con DEPRESIÃ“N Quieren que Sepas (PARTE 1) | Psych2Go ESPAÃ‘OL,https://www.youtube.com/watch?v=gml-AaXvXXg
6 SeÃ±ales de que Hacen Buena Pareja | Psych2Go ESPAÃ‘OL,https://www.youtube.com/watch?v=0JObgiUs9L0
ğŸŒ± Aventuras de PSI #2:  Psi en San ValentÃ­n,https://www.youtube.com/watch?v=z6pfcQRz6TM
CÃ³mo Hacer que La Gente Te Respete | Psych2Go ESPAÃ‘OL,https://www.youtube.com/watch?v=PVVqBHF_Tw4
6 HÃ¡bitos que son Emocionalmente Agotadores | Psych2Go ESPAÃ‘OL,https://www.youtube.com/watch?v=CeqKR1JeX_c
6 Creencias DaÃ±inas que Tienes por TRAUMA | Psych2Go ESPAÃ‘OL,https://www.youtube.com/watch?v=ud2aintZIng
6 SeÃ±ales de que Eres Altamente Inteligente | Psych2Go ESPAÃ‘OL,https://www.youtube.com/watch?v=G9pd_N5lQ0Y
Narcisistas (11 Maneras de Esquivarlos) | Psych2Go ESPAÃ‘OL,https://www.youtube.com/watch?v=csC-zcCR8Ho
9 Verdades que DEBES Saber | Psych2Go ESPAÃ‘OL,https://www.youtube.com/watch?v=2QWWcq-Uj8c
Le Gustas a Alguien Pero Le Teme al Rechazo (6 SeÃ±ales) | Psych2Go ESPAÃ‘OL,https://www.youtube.com/watch?v=syxnrnVcA30
Por quÃ© las personas se sienten intimidadas por ti segÃºn tu MBTI | Psych2Go ESPAÃ‘OL,https://www.youtube.com/watch?v=yq7zVtDk48A
El Lado Oscuro de las Personas Altamente Sensibles (PAS) | Psych2Go ESPAÃ‘OL,https://www.youtube.com/watch?v=KZLzvZoS1AA
Aplanamiento Emocional... Â¿QuÃ© Es? ANHEDONIA | Psych2Go ESPAÃ‘OL,https://www.youtube.com/watch?v=fnawtAgV_8o
"Autismo y Asperger, Â¿QuÃ© Son? | Psych2Go ESPAÃ‘OL",https://www.youtube.com/watch?v=6d055z3aLSI
Las Personas Inteligentes NUNCA dicen estas 10 Frases | Psych2Go ESPAÃ‘OL,https://www.youtube.com/watch?v=27KGn2Yamcs
6 PequeÃ±os HÃ¡bitos Para Mejorar tu Bienestar Mental | Psych2Go,https://www.youtube.com/watch?v=0A3Dr2Sc02g
6 SeÃ±ales de que Tienes Tu NiÃ±o Interior Herido | Psych2Go ESPAÃ‘OL,https://www.youtube.com/watch?v=rg_CHBEXn_o
"7 SeÃ±ales de que NO ""Estoy Bien"" | Psych2Go ESPAÃ‘OL",https://www.youtube.com/watch?v=_AdKwR8LYWo
10 Trastornos PsicolÃ³gicos Raros que QuizÃ¡s No Conozcas | Psych2Go ESPAÃ‘OL,https://www.youtube.com/watch?v=HX68FVTTW0k
6 SeÃ±ales de que Tu AMABILIDAD es Usada en TU CONTRA | Psych2Go ESPAÃ‘OL,https://www.youtube.com/watch?v=UBPeCCKVxRM
8 HÃ¡bitos que NO Sabes que Son Por ANSIEDAD | Psych2Go ESPAÃ‘OL,https://www.youtube.com/watch?v=ApxnYNobUEI
9 SeÃ±ales de que Alguien Oculta sus Sentimientos | Psych2Go ESPAÃ‘OL,https://www.youtube.com/watch?v=H4YZT3jkoRg
QUIZ: Â¿Eres un verdadero introvertido? | Psych2Go ESPAÃ‘OL,https://www.youtube.com/watch?v=vJg5S-Htcn4
8 Trucos PsicolÃ³gicos que Realmente Funcionan | Psych2Go ESPAÃ‘OL,https://www.youtube.com/watch?v=gv4zOyQZmrA
5 Diferencias Entre Enamoramiento & Amor | Psych2Go ESPAÃ‘OL,https://www.youtube.com/watch?v=x57biyf5AlY
4 Tipos de Introvertidos Â¿CuÃ¡l Eres TÃº? | Psych2Go ESPAÃ‘OL,https://www.youtube.com/watch?v=etT4r_UUKxg
5 SeÃ±ales de que Eres Atractivo (Aunque No lo Creas) | Psych2Go ESPAÃ‘OL,https://www.youtube.com/watch?v=rlAqdP8l2Kc
8 Cosas TÃ³xicas que los Padres Dicen | Psych2Go ESPAÃ‘OL,https://www.youtube.com/watch?v=yMjLlict0xg
11 Trastornos Alimenticios Poco Conocidos | Psych2Go ESPAÃ‘OL,https://www.youtube.com/watch?v=8luPuHlL434
5 razones por las que no debes temerle a la terapia | Psych2Go ESPAÃ‘OL,https://www.youtube.com/watch?v=bZSCO0DxE-Y
CÃ³mo Ayudar a Alguien que Quiere Suicidarse | Psych2Go,https://www.youtube.com/watch?v=euhduxODU_w
SociÃ³pata vs. PsicÃ³pata - Diferencias | Psych2Go,https://www.youtube.com/watch?v=Z_ArVc8-oBQ
Trastorno LÃ­mite de la Personalidad (TLP o BORDERLINE) | Psych2Go,https://www.youtube.com/watch?v=PcFR9lfzZbc
5 SeÃ±ales de EnsoÃ±aciÃ³n Excesiva | Psych2Go,https://www.youtube.com/watch?v=0bAvtQHlM4s
TOCP - Trastorno Obsesivo Compulsivo de la Personlidad | Psych2Go,https://www.youtube.com/watch?v=9m7D3A0eL_c
DespersonalizaciÃ³n vs. DesrealizaciÃ³n | Psych2Go,https://www.youtube.com/watch?v=Ha1TFMBbTcs
6 SeÃ±ales de que NO eres INFJ | Psych2Go,https://www.youtube.com/watch?v=ClUoDvMg92w
Â¿QuÃ© es la EnsoÃ±aciÃ³n Excesiva? | Psych2Go ESPAÃ‘OL,https://www.youtube.com/watch?v=FR-8m78LzeA
6 SeÃ±ales y SÃ­ntomas de TDAH | Psych2Go,https://www.youtube.com/watch?v=eFuCxsnq3A0
"6 SeÃ±ales de que No es Pereza, sino Burnout | Psych2Go",https://www.youtube.com/watch?v=NcxDErlvcKo
6 Consecuencias del TRAUMA No Superado | Psych2Go,https://www.youtube.com/watch?v=wqwQin1HtqQ
5 Mentiras Que nos Dijeron Nuestros Padres | Psych2Go,https://www.youtube.com/watch?v=NERV1N8-7Jc
5 Rasgos de Trastorno Paranoide de la Personalidad | Psych2Go,https://www.youtube.com/watch?v=_dNoRS_G5f0
8 SeÃ±ales de una RelaciÃ³n Controladora | Psych2Go,https://www.youtube.com/watch?v=cTuSJ3ZAHEg
10 Causas por las que Pierdes el Tiempo | Psych2Go,https://www.youtube.com/watch?v=LgwRlMjv7kk
9 Tipos de Besos y lo que Significan | Psych2Go,https://www.youtube.com/watch?v=rHB3x1K4Kf0
6 Trastornos Mentales Incomprendidos | Psych2Go,https://www.youtube.com/watch?v=wdS7AsX40_E
ANSIEDAD vs TRASTORNO DE ANSIEDAD | Psych2Go,https://www.youtube.com/watch?v=MSL3D9goPIs
Â¿QuÃ© Significa Ser Bisexual? | Psych2Go,https://www.youtube.com/watch?v=gFFwoIuJwQk
El Lado Oscuro de los Introvertidos | Psych2Go,https://www.youtube.com/watch?v=QWfAFQq_Wrs
Personalidades MBTI Explicadas | Psych2Go,https://www.youtube.com/watch?v=3NDdPPDlC_0
8 SeÃ±ales de DepresiÃ³n Infantil (Padres) | Psych2Go,https://www.youtube.com/watch?v=eVhfAWPYy5c
8 SeÃ±ales de Ansiedad Social | Psych2Go,https://www.youtube.com/watch?v=PugNB1P6Pxo
9 Tipos de Inteligencia | Psych2Go,https://www.youtube.com/watch?v=rxlZgY0icEQ
7 SeÃ±ales de que Te EstÃ¡s Volviendo TÃ³xico | Psych2Go,https://www.youtube.com/watch?v=TD2SIqWOShg
CÃ³mo Practicar el Amor Propio | Psych2Go,https://www.youtube.com/watch?v=RiuQiSudsgI
Â¿QueÌ significa ser asexual? | Psych2Go,https://www.youtube.com/watch?v=uFY8o6y22GI
6 Razones por las que Atraes a Gente TÃ³xica | PSYCH2GO,https://www.youtube.com/watch?v=giQ7vW9d2vE
Rutina Diaria Para Combatir la DepresiÃ³n | Psych2Go,https://www.youtube.com/watch?v=SGua7dLfBjw
5 Diferencias Entre INTP & INFP | Psych2Go,https://www.youtube.com/watch?v=QN5dW1Sl6YE
Demisexualidad | Psych2Go,https://www.youtube.com/watch?v=u6DZIeZk5UI
9 Cosas que Hacen Atractivo a un Ambivertido | Psych2Go,https://www.youtube.com/watch?v=AR6-e2JT4DM
Inteligencia Emocional | Psych2Go,https://www.youtube.com/watch?v=Vf7N6ADsmKg
10 Cosas que la DepresiÃ³n nos hace Hacer | Psych2Go,https://www.youtube.com/watch?v=L7J-2x_gGiU
10 HÃ¡bitos de Personas Felices | CÃ³mo ser feliz | Psych2Go,https://www.youtube.com/watch?v=R4cTdAeDw18
9 Cosas que DirÃ­a un SociÃ³pata | Psych2Go,https://www.youtube.com/watch?v=d3Z6cMkCx_0
5 Diferencias Entre INFP & INFJ | Psych2Go,https://www.youtube.com/watch?v=SDGRAuNcgRg
6 SeÃ±ales de que Tienes Padres TÃ³xicos (Parte 2) | Psych2Go,https://www.youtube.com/watch?v=Z4wp_V_eZss
13 Problemas con los que solo una Persona Altamente Sensible se puede identificar | Psych2Go,https://www.youtube.com/watch?v=4ol9ZrNzLfk
Esquizofrenia... Â¿QuÃ© es? | Psych2Go,https://www.youtube.com/watch?v=D6RBnmhKa4g
El Lado Oscuro de los INFJ - El Tipo de Personalidad MÃ¡s Raro del Mundo | Psych2Go,https://www.youtube.com/watch?v=ESO9j08rqsc
5 SeÃ±ales de EmpatÃ­a Oscura: La Personalidad MÃ¡s Peligrosa | Psych2Go,https://www.youtube.com/watch?v=wU2daMjXTQ0
Sexo vs. GÃ©nero vs. OrientaciÃ³n | Psych2Go,https://www.youtube.com/watch?v=FGS5bUxR37g
7 SeÃ±ales de que PodrÃ­as Ser Emocionalmente Abusivo | Psych2Go,https://www.youtube.com/watch?v=KX-stVrRksU
8 SeÃ±ales de que Eres una Persona Altamente Sensible con una Personalidad Fuerte | Psych2Go,https://www.youtube.com/watch?v=0-_wfh1HG_0
6 SeÃ±ales de Que Puedes Tener SÃ­ndrome del Impostor | Psych2Go,https://www.youtube.com/watch?v=PH6L11XlSL4
Â¡7 Secretos Divertidos Revelados Sobre los INFJ! | Psych2Go,https://www.youtube.com/watch?v=0AvyB1XkpLg
10 Rasgos de un PsicÃ³pata | Psych2Go,https://www.youtube.com/watch?v=cGThscz8IRk
8 Problemas de Ser Una Persona Altamente Inteligente | Psych2Go,https://www.youtube.com/watch?v=88ydRsjpnyU
7 SeÃ±ales de Que Alguien Finge Que No le Gustas ğŸ’–ğŸ‘€ | Psych2Go,https://www.youtube.com/watch?v=9SRaN60-IeU
6 SenÌƒales de que Nunca Estuviste Realmente Enamorado | Psych2Go,https://www.youtube.com/watch?v=Nsr0RICFRdI
7 SeÃ±ales de que Tienes Padres TÃ³xicos | Psych2Go,https://www.youtube.com/watch?v=ZAXvTW5Tvss
7 Cosas que las Personas Asexuales Quieren que Sepas | Psych2Go,https://www.youtube.com/watch?v=ehnon9cYAUw
10 SeÃ±ales de que Te EstÃ¡s Enamorando | Psych2Go,https://www.youtube.com/watch?v=9YbAk0OfMH4
6 Causas de la Ansiedad | Psych2Go,https://www.youtube.com/watch?v=RYgiI75YHfs
CÃ³mo Tu Infancia Afecta Tu Forma De Amar | Psych2Go,https://www.youtube.com/watch?v=uwK3GfdAK90
7 Significados de SueÃ±os que NUNCA Debes Ignorar  | Psych2Go,https://www.youtube.com/watch?v=RUl9Z31WWwE
14 Formas de Saber Si Alguien Es S.u.i.c.i.d.a | Psych2Go,https://www.youtube.com/watch?v=B-vurG52vJI
8 SenÌƒales que muestran que eres un INFJ | Psych2Go,https://www.youtube.com/watch?v=tZ6KrM30_4g
7 SeÃ±ales de que PodrÃ­as Tener DepresiÃ³n de Alto Funcionamiento | Psych2Go,https://www.youtube.com/watch?v=IoWl3a7E2GE
